#Date/Time;of;Update:;2017-11-20;3:07:27;PM;#Player;ID;#LastName;#FirstName;#Jersey;Num;#Position;#Height;#Weight;#Birth;Date;#Age;#Birth;City;#Birth;Country;#Rookie;#Team;ID;#Team;Abbr.;#Team;City;#Team;Name
;10138;Abrines;Alex;8;F;"6'6""";190;1993-08-01;24;Palma;de;Mallorca;Spain;N;96;OKL;Oklahoma;City;Thunder;;;;;;;;;;;
;9466;Acy;Quincy;4;PF;"6'7""";240;1990-10-06;27;Tyler, TX;USA;N;84;BRO;Brooklyn;Nets;;;;;;;;;;;;;;
;9390;Adams;Steven;12;C;"7'0""";255;1993-07-20;24;Rotorua;NewZealand;N;96;OKL;Oklahoma;City;Thunder;;;;;;;;;;;;;
;13742;Adebayo;Bam;13;C;"6'10""";255;1997-07-18;20;;;Y;92;MIA;Miami;Heat;;;;;;;;;;;;;;
;9375;Afflalo;Arron;40;SG;"6'5""";215;1985-10-15;32;Los Angeles, CA;USA;N;95;ORL;Orlando;Magic;;;;;;;;;;;;;;
;9357;Ajinca;Alexis;42;C;"7'2""";248;1988-05-06;29;Saint-Étienne;France;N;110;NOP;New;Orleans;Pelicans;;;;;;;;;;;;;
;9272;Aldrich;Cole;45;C;"6'11""";245;1988-10-31;29;Burnsville, MN;USA;N;100;MIN;Minnesota;Timberwolves;;;;;;;;;;;;;;
;9480;Aldridge;LaMarcus;12;PF;"6'11""";240;1985-07-19;32;Dallas, TX;USA;N;106;SAS;San;Antonio;Spurs;;;;;;;;;;;;;
;9454;Alexander;Cliff;34;PF;"6'8""";245;1995-11-15;22;Chicago, IL;USA;N;95;ORL;Orlando;Magic;;;;;;;;;;;;;;
;13749;Allen;Jarrett;31;C;"6'11""";234;1998-04-21;19;;;Y;84;BRO;Brooklyn;Nets;;;;;;;;;;;;;;
;13776;Allen;Kadeem;45;SG;"6'3""";200;1993-01-15;24;;;Y;82;BOS;Boston;Celtics;;;;;;;;;;;;;;
;9254;Allen;Lavoy;5;PF;"6'9""";255;1989-02-04;28;;;N;87;IND;Indiana;Pacers;;;;;;;;;;;;;;
;9299;Allen;Tony;9;SG;"6'4""";213;1982-01-10;35;Chicago, IL;USA;N;110;NOP;New;Orleans;Pelicans;;;;;;;;;;;;;
;9452;Aminu;Al-Farouq;8;SF;"6'9""";215;1990-09-21;27;Atlanta, GA;USA;N;97;POR;Portland;Trail;Blazers;;;;;;;;;;;;;
;9297;Andersen;Chris;7;C;"6'10""";245;1978-07-05;39;Lola, TX;USA;N;86;CLE;Cleveland;Cavaliers;;;;;;;;;;;;;;
;9475;Anderson;Kyle;1;SF;"6'9""";230;1993-09-20;24;New York, NY;USA;N;106;SAS;San;Antonio;Spurs;;;;;;;;;;;;;
;9527;Anderson;Alan;26;SG;"6'6""";220;1982-10-15;35;Minneapolis, MN;USA;N;102;LAC;Los;Angeles;Clippers;;;;;;;;;;;;;
;9469;Anderson;James;5;SG;"6'6""";213;1989-03-25;28;El Dorado, AR;USA;N;103;SAC;Sacramento;Kings;;;;;;;;;;;;;;
;9178;Anderson;Justin;1;SF;"6'6""";228;1993-11-18;24;Montross, VA;USA;N;85;PHI;Philadelphia;76ers;;;;;;;;;;;;;;
;9353;Anderson;Ryan;36;PF;"6'10""";240;1988-05-06;29;Sacramento, CA;USA;N;109;HOU;Houston;Rockets;;;;;;;;;;;;;;
;13796;Anigbogu;Ike;13;C;"6'10""";262;1998-10-22;19;San Diego, CA;USA;Y;87;IND;Indiana;Pacers;;;;;;;;;;;;;;
;9560;Antetokounmpo;Thanasis;43;SF;"6'7""";205;1992-07-18;25;Rost;Greece;N;83;NYK;New;York;Knicks;;;;;;;;;;;;;
;9325;Antetokounmpo;Giannis;34;PG;"6'11""";222;1994-12-06;22;Athens;Greece;N;90;MIL;Milwaukee;Bucks;;;;;;;;;;;;;;
;9369;Anthony;Carmelo;7;SF;"6'8""";240;1984-05-28;33;Brooklyn, NY;USA;N;96;OKL;Oklahoma;City;Thunder;;;;;;;;;;;;;
;9214;Anthony;Joel;50;C;"6'9""";245;1982-08-08;35;Montreal, QC;Canada;N;90;MIL;Milwaukee;Bucks;;;;;;;;;;;;;;
;13750;Anunoby;OG;3;F;"6'8""";235;1997-07-17;20;;;Y;81;TOR;Toronto;Raptors;;;;;;;;;;;;;;
;11884;Arcidiacono;Ryan;10;G;"6'3""";195;1994-03-25;23;Villanova;USA;Y;89;CHI;Chicago;Bulls;;;;;;;;;;;;;;
;9235;Ariza;Trevor;1;SF;"6'8""";215;1985-06-30;32;;;N;109;HOU;Houston;Rockets;;;;;;;;;;;;;;
;9198;Arthur;Darrell;0;PF;"6'9""";235;1988-03-25;29;;;N;99;DEN;Denver;Nuggets;;;;;;;;;;;;;;
;13805;Artis;Jamiel;;SG;"6'7""";213;1993-01-12;24;Baltimore, MD;USA;Y;95;ORL;Orlando;Magic;;;;;;;;;;;;;;
;13854;Ashley;Brandon;21;F;"6'9""";230;1994-07-15;23;San Francisco, CA;USA;Y;108;DAL;Dallas;Mavericks;;;;;;;;;;;;;;
;9358;Asik;Omer;3;C;"7'0""";255;1986-07-04;31;;;N;110;NOP;New;Orleans;Pelicans;;;;;;;;;;;;;
;9190;Augustin;D.J.;12;PG;"6'0""";183;1987-11-10;30;New Orleans, LA;USA;N;95;ORL;Orlando;Magic;;;;;;;;;;;;;;
;9276;Ayres;Jeff;19;C;"6'9""";240;1987-04-27;30;Ontario, CA;USA;N;102;LAC;Los;Angeles;Clippers;;;;;;;;;;;;;
;9360;Babbitt;Luke;5;SF;"6'9""";217;1989-06-19;28;Cincinnati, OH;USA;N;91;ATL;Atlanta;Hawks;;;;;;;;;;;;;;
;13788;Bacon;Dwayne;7;SG;"6'7""";221;1995-08-30;22;;;Y;93;CHA;Charlotte;Hornets;;;;;;;;;;;;;;
;10102;Baker;Ron;31;G;"6'4""";220;1993-03-30;24;;;N;83;NYK;New;York;Knicks;;;;;;;;;;;;;
;10131;Baldwin;IV;Wade;4;G;"6'4""";202;1996-03-29;21;;;N;97;POR;Portland;Trail;Blazers;;;;;;;;;;;;
;13728;Ball;Lonzo;2;G;"6'6""";190;1997-10-27;20;Los Angeles, CA;USA;Y;105;LAL;Los;Angeles;Lakers;;;;;;;;;;;;;
;9229;Barbosa;Leandro;19;SG;"6'3""";194;1982-11-27;34;Sao;Paulo;Brazil;N;104;PHX;Phoenix;Suns;;;;;;;;;;;;;
;9180;Barea;J.J.;5;PG;"6'0""";185;1984-06-26;33;;;N;108;DAL;Dallas;Mavericks;;;;;;;;;;;;;;
;9298;Barnes;Matt;22;SF;"6'7""";226;1980-03-08;37;Santa Clara, CA;USA;N;101;GSW;Golden;State;Warriors;;;;;;;;;;;;;
;9220;Barnes;Harrison;40;F;"6'8""";225;1992-05-30;25;Ames, IO;USA;N;108;DAL;Dallas;Mavericks;;;;;;;;;;;;;;
;9197;Barton;Will;5;SG;"6'6""";175;1991-01-06;26;;;N;99;DEN;Denver;Nuggets;;;;;;;;;;;;;;
;9288;Bass;Brandon;2;PF;"6'8""";250;1985-04-29;32;Baton Rouge, LA;USA;N;102;LAC;Los;Angeles;Clippers;;;;;;;;;;;;;
;9133;Batum;Nicolas;5;SF;"6'8""";200;1988-12-14;28;Lisieux;France;N;93;CHA;Charlotte;Hornets;;;;;;;;;;;;;;
;9323;Bayless;Jerryd;19;SG;"6'3""";200;1988-08-20;29;;;N;85;PHI;Philadelphia;76ers;;;;;;;;;;;;;;
;9211;Baynes;Aron;12;C;"6'10""";260;1986-12-08;30;;;N;82;BOS;Boston;Celtics;;;;;;;;;;;;;;
;9086;Bazemore;Kent;24;SF;"6'5""";201;1989-07-01;28;;;N;91;ATL;Atlanta;Hawks;;;;;;;;;;;;;;
;9523;Beal;Bradley;3;SG;"6'5""";207;1993-06-28;24;;;N;94;WAS;Washington;Wizards;;;;;;;;;;;;;;
;10133;Beasley;Malik;25;G;"6'5""";196;1996-11-26;20;;;N;99;DEN;Denver;Nuggets;;;;;;;;;;;;;;
;9245;Beasley;Michael;9;F;"6'10""";235;1989-01-08;28;;;N;83;NYK;New;York;Knicks;;;;;;;;;;;;;
;9470;Belinelli;Marco;33;SG;"6'5""";215;1986-03-24;31;Bologna;Italy;N;91;ATL;Atlanta;Hawks;;;;;;;;;;;;;;
;13764;Bell;Jordan;;PF;"6'9""";224;1995-01-07;22;Los Angeles, CA;USA;Y;101;GSW;Golden;State;Warriors;;;;;;;;;;;;;
;10156;Bembry;DeAndre';95;F;"6'6""";210;1994-07-04;23;;;N;91;ATL;Atlanta;Hawks;;;;;;;;;;;;;;
;10143;Bender;Dragan;35;F;"7'1""";225;1997-11-17;20;;;N;104;PHX;Phoenix;Suns;;;;;;;;;;;;;;
;9544;Bennett;Anthony;13;PF;"6'8""";245;1993-03-12;24;Toronto, ON;Canada;N;104;PHX;Phoenix;Suns;;;;;;;;;;;;;;
;11964;Bentil;Ben;;PF;"6'8""";229;1995-03-28;22;Sekondi-Takoradi;Ghana;N;108;DAL;Dallas;Mavericks;;;;;;;;;;;;;;
;10109;Bertans;Davis;42;F;"6'10""";210;1992-11-12;25;;;N;106;SAS;San;Antonio;Spurs;;;;;;;;;;;;;
;9239;Beverley;Patrick;2;PG;"6'1""";185;1988-07-11;29;;;N;102;LAC;Los;Angeles;Clippers;;;;;;;;;;;;;
;13804;Birch;Khem;24;C;"6'9""";220;1992-09-28;25;;Canada;Y;95;ORL;Orlando;Magic;;;;;;;;;;;;;;
;13771;Bird;Jabari;26;SG;"6'6""";198;1994-07-03;23;;;Y;82;BOS;Boston;Celtics;;;;;;;;;;;;;;
;9497;Biyombo;Bismack;18;C;"6'9""";255;1992-08-28;25;Lubumbashi;Congo;N;95;ORL;Orlando;Magic;;;;;;;;;;;;;;
;9348;Bjelica;Nemanja;88;PF;"6'10""";240;1988-05-09;29;;;N;100;MIN;Minnesota;Timberwolves;;;;;;;;;;;;;;
;9284;Black;Tarik;28;C;"6'9""";250;1991-11-21;26;;;N;109;HOU;Houston;Rockets;;;;;;;;;;;;;;
;13843;Blackmon;James;19;G;"6'4""";195;1995-04-25;22;Fort Wayne, IN;USA;Y;85;PHI;Philadelphia;76ers;;;;;;;;;;;;;;
;13864;Blakeney;Antonio;9;G;"6'4""";197;1996-10-04;21;;;Y;89;CHI;Chicago;Bulls;;;;;;;;;;;;;;
;9428;Bledsoe;Eric;2;PG;"6'1""";190;1989-12-09;27;;;N;104;PHX;Phoenix;Suns;;;;;;;;;;;;;;
;13828;Blossomgame;Jaron;;SF;"6'7""";214;;;Alpharetta, GA;USA;Y;106;SAS;San;Antonio;Spurs;;;;;;;;;;;;;
;13867;Blue;Vander;;SG;"6'5""";200;1992-07-17;25;Milwaukee, WI;USA;Y;105;LAL;Los;Angeles;Lakers;;;;;;;;;;;;;
;9114;Bogdanovic;Bojan;44;SF;"6'8""";216;1989-04-15;28;Mostar;Yugoslavia;N;87;IND;Indiana;Pacers;;;;;;;;;;;;;;
;13726;Bogdanovic;Bogdan;8;G;"6'6""";205;1992-08-18;25;;;Y;103;SAC;Sacramento;Kings;;;;;;;;;;;;;;
;9217;Bogut;Andrew;12;C;"7'0""";260;1984-11-26;32;Melbourne;Australia;N;105;LAL;Los;Angeles;Lakers;;;;;;;;;;;;;
;10106;Bolomboy;Joel;21;F;"6'9""";235;1994-01-28;23;;;N;90;MIL;Milwaukee;Bucks;;;;;;;;;;;;;;
;9434;Booker;Devin;1;SG;"6'6""";206;1996-10-30;21;;;N;104;PHX;Phoenix;Suns;;;;;;;;;;;;;;
;9508;Booker;Trevor;35;PF;"6'8""";228;1987-11-25;29;;USA;N;84;BRO;Brooklyn;Nets;;;;;;;;;;;;;;
;9308;Bosh;Chris;1;PF;"6'11""";235;1984-03-24;33;Dallas, TX;USA;N;92;MIA;Miami;Heat;;;;;;;;;;;;;;
;13766;Boucher;Chris;25;PF;"6'10""";200;1993-01-11;24;;;Y;101;GSW;Golden;State;Warriors;;;;;;;;;;;;;
;9097;Bradley;Avery;0;SG;"6'2""";180;1990-11-25;26;;;N;88;DET;Detroit;Pistons;;;;;;;;;;;;;;
;13754;Bradley;Tony;13;C;"6'10""";248;1998-01-08;19;;;Y;98;UTA;Utah;Jazz;;;;;;;;;;;;;;
;13825;Braun;Taylor;;G;"6'7""";205;;;Newberg, OR;USA;Y;98;UTA;Utah;Jazz;;;;;;;;;;;;;;
;9240;Brewer;Corey;33;SF;"6'9""";186;1986-03-04;31;;;N;105;LAL;Los;Angeles;Lakers;;;;;;;;;;;;;
;13850;Brimah;Amida;37;C;"7'0""";230;1994-02-11;23;Accra;Ghana;Y;106;SAS;San;Antonio;Spurs;;;;;;;;;;;;;
;13842;Briscoe;Isaiah;9;G;"6'3""";224;1996-04-13;21;Newark, NJ;USA;Y;97;POR;Portland;Trail;Blazers;;;;;;;;;;;;;
;10127;Brogdon;Malcolm;13;G;"6'5""";215;1992-12-11;24;;;N;90;MIL;Milwaukee;Bucks;;;;;;;;;;;;;;
;13786;Brooks;Dillon;24;SF;"6'6""";220;1996-01-22;21;;Canada;Y;107;MEM;Memphis;Grizzlies;;;;;;;;;;;;;;
;9154;Brooks;Aaron;10;PG;"6'0""";185;1985-01-13;32;Seattle, WA;USA;N;100;MIN;Minnesota;Timberwolves;;;;;;;;;;;;;;
;10090;Brown;Jaylen;7;SF;"6'7""";225;1996-08-24;21;Marietta, GA;USA;N;82;BOS;Boston;Celtics;;;;;;;;;;;;;;
;9115;Brown;Markel;22;SG;"6'3""";190;1992-01-27;25;Pineville, LA;USA;N;96;OKL;Oklahoma;City;Thunder;;;;;;;;;;;;;
;9289;Brown;Anthony;21;SF;"6'7""";210;1992-10-09;25;;;N;100;MIN;Minnesota;Timberwolves;;;;;;;;;;;;;;
;10147;Brown;Bobby;8;G;"6'2""";175;1984-09-24;33;;;N;109;HOU;Houston;Rockets;;;;;;;;;;;;;;
;9216;Brown;Lorenzo;17;G;"6'5""";189;1990-08-25;27;Roswell, GA;USA;N;81;TOR;Toronto;Raptors;;;;;;;;;;;;;;
;13789;Brown;Sterling;23;SG;"6'6""";230;1995-02-10;22;;;Y;90;MIL;Milwaukee;Bucks;;;;;;;;;;;;;;
;13922;Brown;Brett;;C;;;;;;;N;85;PHI;Philadelphia;76ers;;;;;;;;;;;;;;
;10118;Brussino;Nicolas;9;F;"6'8""";215;1993-03-01;24;Santa;Fe;Argentina;N;91;ATL;Atlanta;Hawks;;;;;;;;;;;;;
;9278;Bryant;Kobe;24;SF;"6'6""";212;1978-08-22;39;Philadelphi, PA;USA;N;105;LAL;Los;Angeles;Lakers;;;;;;;;;;;;;
;13856;Bryant;Thomas;31;C;"6'10""";248;1997-07-31;20;;;Y;105;LAL;Los;Angeles;Lakers;;;;;;;;;;;;;
;13875;Budenholzer;Michael;;C;;;;;;;N;91;ATL;Atlanta;Hawks;;;;;;;;;;;;;;
;9204;Bullock;Reggie;25;SF;"6'7""";205;1991-03-16;26;;;N;88;DET;Detroit;Pistons;;;;;;;;;;;;;;
;9504;Burke;Trey;31;PG;"6'1""";185;1992-11-12;25;Columbus, OH;USA;N;94;WAS;Washington;Wizards;;;;;;;;;;;;;;
;9507;Burks;Alec;10;SG;"6'6""";214;1991-07-20;26;;;N;98;UTA;Utah;Jazz;;;;;;;;;;;;;;
;9152;Butler;Jimmy;21;SG;"6'7""";220;1989-09-13;28;Houston, TX;USA;N;100;MIN;Minnesota;Timberwolves;;;;;;;;;;;;;;
;9465;Butler;Caron;31;SF;"6'7""";228;1980-03-12;37;;;N;103;SAC;Sacramento;Kings;;;;;;;;;;;;;;
;11948;Buycks;Dwight;;PG;"6'3""";190;1989-03-05;28;Milwaukee, WI;USA;N;88;DET;Detroit;Pistons;;;;;;;;;;;;;;
;9494;Caboclo;Bruno;20;SF;"6'9""";205;1995-09-21;22;Osasco;Brazil;N;81;TOR;Toronto;Raptors;;;;;;;;;;;;;;
;9370;Calderon;Jose;29;PG;"6'3""";210;1981-09-26;36;Villanueva;de;la;Serena;Spain;N;86;CLE;Cleveland;Cavaliers;;;;;;;;;;;
;9203;Caldwell-Pope;Kentavious;5;SG;"6'5""";205;1993-02-17;24;;;N;105;LAL;Los;Angeles;Lakers;;;;;;;;;;;;;
;9414;Canaan;Isaiah;0;SG;"6'0""";201;1991-05-20;26;;;N;109;HOU;Houston;Rockets;;;;;;;;;;;;;;
;9237;Capela;Clint;15;C;"6'10""";240;1994-05-18;23;;;N;109;HOU;Houston;Rockets;;;;;;;;;;;;;;
;13878;Carlisle;Rick;;C;;;;;;;N;108;DAL;Dallas;Mavericks;;;;;;;;;;;;;;
;9496;Carroll;DeMarre;5;SF;"6'8""";212;1986-07-26;31;Birmingham, AL;USA;N;84;BRO;Brooklyn;Nets;;;;;;;;;;;;;;
;9292;Carter;Vince;15;SG;"6'6""";220;1977-01-25;40;;;N;103;SAC;Sacramento;Kings;;;;;;;;;;;;;;
;9327;Carter-Williams;Michael;7;PG;"6'6""";190;1991-10-09;26;;;N;93;CHA;Charlotte;Hornets;;;;;;;;;;;;;;
;13860;Caruso;Alex;4;G;"6'5""";186;1994-02-28;23;;;Y;105;LAL;Los;Angeles;Lakers;;;;;;;;;;;;;
;9462;Casspi;Omri;18;SF;"6'9""";225;1988-06-20;29;;;N;101;GSW;Golden;State;Warriors;;;;;;;;;;;;;
;9461;Cauley-Stein;Willie;0;C;"7'0""";240;1993-08-18;24;;;N;103;SAC;Sacramento;Kings;;;;;;;;;;;;;;
;13840;Caupain;Troy;23;G;"6'4""";210;1995-11-29;21;New York, NY;USA;Y;95;ORL;Orlando;Magic;;;;;;;;;;;;;;
;13845;Cavanaugh;Tyler;34;F;"6'9""";239;1994-02-09;23;Syracuse, NY;USA;Y;91;ATL;Atlanta;Hawks;;;;;;;;;;;;;;
;9536;Chalmers;Mario;;PG;"6'2""";190;1986-05-18;31;Anchorage, AK;USA;N;107;MEM;Memphis;Grizzlies;;;;;;;;;;;;;;
;9435;Chandler;Tyson;4;C;"7'1""";240;1982-10-02;35;;;N;104;PHX;Phoenix;Suns;;;;;;;;;;;;;;
;9188;Chandler;Wilson;21;F;"6'8""";225;1987-05-10;30;;;N;99;DEN;Denver;Nuggets;;;;;;;;;;;;;;
;13822;Childress;Josh;;SF;"6'8""";210;1983-06-20;34;Harbor City, CA;USA;Y;99;DEN;Denver;Nuggets;;;;;;;;;;;;;;
;10144;Chriss;Marquese;;F;"6'10""";233;1997-07-02;20;;;N;104;PHX;Phoenix;Suns;;;;;;;;;;;;;;
;9258;Christmas;Rakeem;25;PF;"6'9""";250;1991-11-30;25;;;N;87;IND;Indiana;Pacers;;;;;;;;;;;;;;
;10088;Christon;Semaj;6;G;"6'3""";190;1992-11-01;25;;;N;96;OKL;Oklahoma;City;Thunder;;;;;;;;;;;;;
;9230;Clark;Ian;21;SG;"6'3""";175;1991-03-06;26;Memphis, TN;USA;N;110;NOP;New;Orleans;Pelicans;;;;;;;;;;;;;
;9283;Clarkson;Jordan;6;SG;"6'5""";185;1992-06-07;25;;;N;105;LAL;Los;Angeles;Lakers;;;;;;;;;;;;;
;13785;Clavell;Gian;8;SG;"6'4""";185;1993-11-26;23;;PuertoRico;Y;108;DAL;Dallas;Mavericks;;;;;;;;;;;;;;
;13765;Cleveland;Antonius;10;SG;"6'6""";188;1994-02-02;23;Memphis, TN;USA;Y;108;DAL;Dallas;Mavericks;;;;;;;;;;;;;;
;13910;Clifford;Steve;;C;;;;;;;N;93;CHA;Charlotte;Hornets;;;;;;;;;;;;;;
;9363;Cole;Norris;30;PG;"6'2""";175;1988-10-12;29;;;N;96;OKL;Oklahoma;City;Thunder;;;;;;;;;;;;;
;13784;Collins;Zach;33;C;"7'0""";230;1997-11-19;20;North Las Vegas, NV;USA;Y;97;POR;Portland;Trail;Blazers;;;;;;;;;;;;;
;13737;Collins;John;20;C;"6'10""";235;1997-09-23;20;Layton, UT;USA;Y;91;ATL;Atlanta;Hawks;;;;;;;;;;;;;;
;9389;Collison;Nick;4;PF;"6'10""";255;1980-10-26;37;;;N;96;OKL;Oklahoma;City;Thunder;;;;;;;;;;;;;
;9460;Collison;Darren;7;PG;"6'0""";175;1987-08-22;30;;;N;87;IND;Indiana;Pacers;;;;;;;;;;;;;;
;9296;Conley;Mike;11;PG;"6'1""";175;1987-10-11;30;;;N;107;MEM;Memphis;Grizzlies;;;;;;;;;;;;;;
;9456;Connaughton;Pat;5;SG;"6'5""";206;1993-01-06;24;;;N;97;POR;Portland;Trail;Blazers;;;;;;;;;;;;;
;11981;Cook;Quinn;4;PG;"6'2""";179;1993-03-22;24;Washington, DC;USA;N;101;GSW;Golden;State;Warriors;;;;;;;;;;;;;
;13813;Cooke;Charles;4;SG;"6'5""";196;1994-07-01;23;Trenton, NJ;USA;Y;110;NOP;New;Orleans;Pelicans;;;;;;;;;;;;;
;13812;Cooley;Jack;45;PF;"6'10""";274;1991-04-12;26;Evanston, IL;USA;Y;103;SAC;Sacramento;Kings;;;;;;;;;;;;;;
;11952;Costello;Matt;10;PF;"6'10""";245;1993-08-04;24;Linwood, MI;USA;N;106;SAS;San;Antonio;Spurs;;;;;;;;;;;;;
;9457;Cousins;DeMarcus;15;C;"6'11""";270;1990-08-12;27;;;N;110;NOP;New;Orleans;Pelicans;;;;;;;;;;;;;
;9420;Covington;Robert;33;SF;"6'9""";215;1990-12-14;26;;;N;85;PHI;Philadelphia;76ers;;;;;;;;;;;;;;
;9448;Crabbe;Allen;33;SG;"6'6""";210;1992-04-08;25;;;N;84;BRO;Brooklyn;Nets;;;;;;;;;;;;;;
;13790;Craig;Torrey;3;SG;"6'6""";215;1990-12-19;26;Columbia, SC;USA;Y;99;DEN;Denver;Nuggets;;;;;;;;;;;;;;
;9662;Crawford;Drew;1;SG;"6'5""";209;1990-10-17;27;Naperville, IL;USA;N;81;TOR;Toronto;Raptors;;;;;;;;;;;;;;
;9263;Crawford;Jamal;11;SG;"6'5""";195;1980-03-19;37;;;N;100;MIN;Minnesota;Timberwolves;;;;;;;;;;;;;;
;12221;Crawford;Jordan;;SG;;;;;;;N;110;NOP;New;Orleans;Pelicans;;;;;;;;;;;;;
;9107;Crowder;Jae;99;SF;"6'6""";235;1990-07-05;27;;;N;86;CLE;Cleveland;Cavaliers;;;;;;;;;;;;;;
;9359;Cunningham;Dante;44;SF;"6'8""";230;1987-04-22;30;;;N;110;NOP;New;Orleans;Pelicans;;;;;;;;;;;;;
;9467;Curry;Seth;30;PG;"6'2""";185;1990-08-23;27;Charlotte, NC;USA;N;108;DAL;Dallas;Mavericks;;;;;;;;;;;;;;
;9218;Curry;Stephen;30;PG;"6'3""";185;1988-03-14;29;Akron, Ohio;USA;N;101;GSW;Golden;State;Warriors;;;;;;;;;;;;;
;9136;Daniels;Troy;30;SG;"6'4""";204;1991-07-14;26;Roanoke, VA;USA;N;104;PHX;Phoenix;Suns;;;;;;;;;;;;;;
;13868;Da;Silva;Felicio;Cristiano;6;PF;"6'9""";266;1992-07-07;25;;;Y;89;CHI;Chicago;Bulls;;;;;;;;;;;;
;9453;Davis;Ed;17;PF;"6'10""";240;1989-06-05;28;;;N;97;POR;Portland;Trail;Blazers;;;;;;;;;;;;;
;9354;Davis;Anthony;23;PF;"6'10""";253;1993-03-11;24;;;N;110;NOP;New;Orleans;Pelicans;;;;;;;;;;;;;
;10132;Davis;Deyonta;23;F;"6'10""";240;1996-12-02;20;;;N;107;MEM;Memphis;Grizzlies;;;;;;;;;;;;;;
;9274;Dawson;Branden;22;PF;"6'6""";225;1993-02-01;24;Gary, IN;USA;N;95;ORL;Orlando;Magic;;;;;;;;;;;;;;
;9404;Dedmon;Dewayne;14;C;"7'0""";245;1989-08-11;28;Lancaster, CA;USA;N;91;ATL;Atlanta;Hawks;;;;;;;;;;;;;;
;9238;Dekker;Sam;7;SF;"6'9""";230;1994-05-05;23;;;N;102;LAC;Los;Angeles;Clippers;;;;;;;;;;;;;
;10154;Delaney;Malcolm;5;G;"6'3""";190;1989-03-11;28;;;N;91;ATL;Atlanta;Hawks;;;;;;;;;;;;;;
;9166;Dellavedova;Matthew;8;PG;"6'4""";200;1990-09-08;27;Maryborough;Australia;N;90;MIL;Milwaukee;Bucks;;;;;;;;;;;;;;
;9307;Deng;Luol;19;PF;"6'9""";220;1985-04-16;32;Wau;Sudan;N;105;LAL;Los;Angeles;Lakers;;;;;;;;;;;;;
;13769;de;Paula;George;;PG;"6'6""";194;;;Diadema;Brazil;Y;109;HOU;Houston;Rockets;;;;;;;;;;;;;
;9489;DeRozan;DeMar;10;SG;"6'7""";220;1989-08-07;28;Compton, CA;USA;N;81;TOR;Toronto;Raptors;;;;;;;;;;;;;;
;10137;Diallo;Cheick;13;F;"6'9""";220;1996-09-13;21;;;N;110;NOP;New;Orleans;Pelicans;;;;;;;;;;;;;
;9473;Diaw;Boris;33;PF;"6'8""";250;1982-04-15;35;Corneilles-en-Parisis;France;N;98;UTA;Utah;Jazz;;;;;;;;;;;;;;
;9340;Dieng;Gorgui;5;C;"6'11""";241;1990-01-18;27;Kebemer;Senegal;N;100;MIN;Minnesota;Timberwolves;;;;;;;;;;;;;;
;9209;Dinwiddie;Spencer;18;PG;"6'6""";200;1993-04-06;24;Los Angeles, CA;USA;N;84;BRO;Brooklyn;Nets;;;;;;;;;;;;;;
;13890;Donovan;Billy;;C;;;;;;;N;96;OKL;Oklahoma;City;Thunder;;;;;;;;;;;;;
;13816;Dorsey;Tyler;2;SG;"6'4""";183;1996-02-14;21;Pasadena, CA;USA;Y;91;ATL;Atlanta;Hawks;;;;;;;;;;;;;;
;13861;Dotson;Damyean;21;G;"6'5""";210;1994-05-06;23;;;Y;83;NYK;New;York;Knicks;;;;;;;;;;;;;
;9364;Douglas;Toney;16;PG;"6'2""";195;1986-03-15;31;;;N;107;MEM;Memphis;Grizzlies;;;;;;;;;;;;;;
;13820;Doyle;Milton;;G;"6'4""";184;1993-10-31;24;;USA;Y;84;BRO;Brooklyn;Nets;;;;;;;;;;;;;;
;13847;Dozier;PJ;35;G;"6'7""";201;1996-10-25;21;Columbia, SC;USA;Y;96;OKL;Oklahoma;City;Thunder;;;;;;;;;;;;;
;9314;Dragic;Goran;7;PG;"6'3""";190;1986-05-06;31;;;N;92;MIA;Miami;Heat;;;;;;;;;;;;;;
;9202;Drummond;Andre;0;C;"6'11""";279;1993-08-10;24;;;N;88;DET;Detroit;Pistons;;;;;;;;;;;;;;
;9528;Dudley;Jared;1;PF;"6'7""";225;1985-07-10;32;San Diego, CA;USA;N;104;PHX;Phoenix;Suns;;;;;;;;;;;;;;
;9482;Duncan;Tim;21;C;"6'11""";250;1976-04-25;41;Christiansted, Virgin Islands;USA;N;106;SAS;San;Antonio;Spurs;;;;;;;;;;;;;
;9153;Dunleavy;Mike;34;SF;"6'9""";220;1980-09-14;37;Fort Worth, TX;USA;N;91;ATL;Atlanta;Hawks;;;;;;;;;;;;;;
;10129;Dunn;Kris;32;G;"6'4""";205;1994-03-16;23;New London, CT;USA;N;89;CHI;Chicago;Bulls;;;;;;;;;;;;;;
;9386;Durant;Kevin;35;SF;"6'9""";240;1988-09-29;29;Washinton, DC;USA;N;101;GSW;Golden;State;Warriors;;;;;;;;;;;;;
;9530;Eddie;Jarell;31;SF;"6'7""";218;1991-10-29;26;;;N;89;CHI;Chicago;Bulls;;;;;;;;;;;;;;
;10120;Ellenson;Henry;8;F;"6'11""";245;1997-01-13;20;;;N;88;DET;Detroit;Pistons;;;;;;;;;;;;;;
;9121;Ellington;Wayne;21;SG;"6'4""";200;1987-10-29;30;Wynnewood, PA;USA;N;92;MIA;Miami;Heat;;;;;;;;;;;;;;
;9253;Ellis;Monta;11;SG;"6'3""";185;1985-10-25;32;;;N;87;IND;Indiana;Pacers;;;;;;;;;;;;;;
;9418;Embiid;Joel;21;C;"7'0""";250;1994-03-16;23;Yaounde;Cameroon;N;85;PHI;Philadelphia;76ers;;;;;;;;;;;;;;
;9330;Ennis;Tyler;8;PG;"6'0""";175;1994-08-23;23;Brampton, ON;Canada;N;105;LAL;Los;Angeles;Lakers;;;;;;;;;;;;;
;9367;Ennis;III;James;8;SF;"6'7""";210;1990-07-01;27;Ventura, CA;USA;N;107;MEM;Memphis;Grizzlies;;;;;;;;;;;;;
;9356;Evans;Tyreke;12;SG;"6'6""";220;1989-09-17;28;;;N;107;MEM;Memphis;Grizzlies;;;;;;;;;;;;;;
;9182;Evans;Jeremy;22;SF;"6'9""";200;1987-10-23;30;Crossett, AK;USA;N;91;ATL;Atlanta;Hawks;;;;;;;;;;;;;;
;13858;Evans;Jawun;1;G;"6'0""";190;1996-07-26;21;;;Y;102;LAC;Los;Angeles;Clippers;;;;;;;;;;;;;
;9509;Exum;Dante;11;G;"6'6""";190;1995-07-13;22;;;N;98;UTA;Utah;Jazz;;;;;;;;;;;;;;
;9189;Faried;Kenneth;35;PF;"6'8""";228;1989-11-19;28;;;N;99;DEN;Denver;Nuggets;;;;;;;;;;;;;;
;9305;Farmar;Jordan;20;PG;"6'2""";180;1986-11-29;30;Los Angeles, CA;USA;N;103;SAC;Sacramento;Kings;;;;;;;;;;;;;;
;9505;Favors;Derrick;15;PF;"6'10""";265;1991-07-15;26;;;N;98;UTA;Utah;Jazz;;;;;;;;;;;;;;
;10161;Felder;Kay;20;G;"5'9""";176;1995-03-29;22;Detroit, MI;USA;N;89;CHI;Chicago;Bulls;;;;;;;;;;;;;;
;9156;Felicio;Cristiano;6;C;"6'10""";275;1992-07-07;25;Pouso;Alegre;Brazil;N;89;CHI;Chicago;Bulls;;;;;;;;;;;;;
;13809;Felix;Carrick;21;SG;"6'6""";203;1990-08-17;27;Las vegas, NV;USA;Y;94;WAS;Washington;Wizards;;;;;;;;;;;;;;
;9175;Felton;Raymond;2;PG;"6'1""";205;1984-06-25;33;Marion, CA;USA;N;96;OKL;Oklahoma;City;Thunder;;;;;;;;;;;;;
;13748;Ferguson;Terrance;23;SG;"6'7""";184;1998-05-17;19;;;Y;96;OKL;Oklahoma;City;Thunder;;;;;;;;;;;;;
;10179;Ferrell;Yogi;11;G;"6'0""";180;1993-05-08;24;Indianapolis, IN;USA;N;108;DAL;Dallas;Mavericks;;;;;;;;;;;;;;
;10117;Finney-Smith;Dorian;10;F;"6'8""";220;1993-05-04;24;;;N;108;DAL;Dallas;Mavericks;;;;;;;;;;;;;;
;13923;Fizdale;David;;C;;;;;;;N;107;MEM;Memphis;Grizzlies;;;;;;;;;;;;;;
;10110;Forbes;Bryn;11;G;"6'3""";190;1993-07-23;24;;;N;106;SAS;San;Antonio;Spurs;;;;;;;;;;;;;
;9399;Fournier;Evan;10;SF;"6'7""";205;1992-10-29;25;;;N;95;ORL;Orlando;Magic;;;;;;;;;;;;;;
;13732;Fox;De'Aaron;5;G;"6'3""";175;1997-12-20;19;New Orleans, LA;USA;Y;103;SAC;Sacramento;Kings;;;;;;;;;;;;;;
;9391;Foye;Randy;2;SG;"6'4""";213;1983-09-24;34;;USA;N;84;BRO;Brooklyn;Nets;;;;;;;;;;;;;;
;9366;Frazier;Tim;6;PG;"6'1""";170;1990-10-31;27;;;N;94;WAS;Washington;Wizards;;;;;;;;;;;;;;
;9159;Frye;Channing;9;C;"6'11""";255;1983-05-17;34;;;N;86;CLE;Cleveland;Cavaliers;;;;;;;;;;;;;;
;13729;Fultz;Markelle;20;G;"6'4""";200;1998-05-29;19;Washingon;USA;Y;85;PHI;Philadelphia;76ers;;;;;;;;;;;;;;
;9187;Gallinari;Danilo;8;SF;"6'10""";225;1988-08-07;29;;;N;102;LAC;Los;Angeles;Clippers;;;;;;;;;;;;;
;9372;Galloway;Langston;9;PG;"6'2""";200;1991-12-07;25;Baton Rouge, LA;USA;N;88;DET;Detroit;Pistons;;;;;;;;;;;;;;
;11883;Garino;Patricio;;SG;"6'6""";203;1993-05-16;24;Mar;del;Plata;Argentina;N;95;ORL;Orlando;Magic;;;;;;;;;;;;
;9337;Garnett;Kevin;21;PF;"6'11""";240;1976-05-18;41;Mauldin, SC;USA;N;100;MIN;Minnesota;Timberwolves;;;;;;;;;;;;;;
;9149;Gasol;Pau;16;C;"7'0""";250;1980-07-06;37;Barcelona;Spain;N;106;SAS;San;Antonio;Spurs;;;;;;;;;;;;;
;9295;Gasol;Marc;33;C;"7'1""";255;1985-01-29;32;Barcelona;Spain;N;107;MEM;Memphis;Grizzlies;;;;;;;;;;;;;;
;9459;Gay;Rudy;22;SF;"6'8""";230;1986-08-16;31;;;N;106;SAS;San;Antonio;Spurs;;;;;;;;;;;;;
;10121;Gbinije;Michael;22;F;"6'7""";200;1992-06-04;25;;;N;101;GSW;Golden;State;Warriors;;;;;;;;;;;;;
;9361;Gee;Alonzo;15;SF;"6'6""";225;1987-05-28;30;Riviera Beach, FL;USA;N;99;DEN;Denver;Nuggets;;;;;;;;;;;;;;
;13870;Gentry;Alvin;;C;;;;;;;N;110;NOP;New;Orleans;Pelicans;;;;;;;;;;;;;
;9250;George;Paul;13;SF;"6'9""";220;1990-05-01;27;;;N;96;OKL;Oklahoma;City;Thunder;;;;;;;;;;;;;
;11748;Georges-Hunt;Marcus;13;G;"6'6""";220;1994-03-27;23;;;N;100;MIN;Minnesota;Timberwolves;;;;;;;;;;;;;;
;9144;Gibson;Taj;67;PF;"6'9""";225;1985-06-23;32;California;United;States;N;100;MIN;Minnesota;Timberwolves;;;;;;;;;;;;;
;11307;Gibson;Jonathan;3;G;"6'2""";;1987-11-07;30;West Covina, CA;USA;N;108;DAL;Dallas;Mavericks;;;;;;;;;;;;;;
;13747;Giles;Harry;20;C;"6'10""";240;1998-04-22;19;;;Y;103;SAC;Sacramento;Kings;;;;;;;;;;;;;;
;9478;Ginobili;Manu;20;SG;"6'6""";205;1977-07-28;40;Bahía;Blanca;Argentina;N;106;SAS;San;Antonio;Spurs;;;;;;;;;;;;
;9503;Gobert;Rudy;27;C;"7'1""";245;1992-06-26;25;;;N;98;UTA;Utah;Jazz;;;;;;;;;;;;;;
;9429;Goodwin;Archie;2;PG;"6'5""";205;1994-08-16;23;;;N;97;POR;Portland;Trail;Blazers;;;;;;;;;;;;;
;9406;Gordon;Aaron;0;PF;"6'9""";220;1995-09-16;22;;;N;95;ORL;Orlando;Magic;;;;;;;;;;;;;;
;9352;Gordon;Eric;10;SG;"6'4""";215;1988-12-25;28;Indianapolis, IN;USA;N;109;HOU;Houston;Rockets;;;;;;;;;;;;;;
;11719;Gortat;X;;C;;;;;;;N;86;CLE;Cleveland;Cavaliers;;;;;;;;;;;;;;
;9519;Gortat;Marcin;13;C;"6'11""";240;1984-02-17;33;;;N;94;WAS;Washington;Wizards;;;;;;;;;;;;;;
;10125;Graham;Treveon;12;F;"6'6""";226;1993-10-28;24;Washington, DC;USA;N;93;CHA;Charlotte;Hornets;;;;;;;;;;;;;;
;9374;Grant;Jerian;13;PG;"6'4""";198;1992-10-09;25;Silver Spring, MD;USA;N;89;CHI;Chicago;Bulls;;;;;;;;;;;;;;
;9419;Grant;Jerami;39;SF;"6'8""";210;1994-03-12;23;;;N;96;OKL;Oklahoma;City;Thunder;;;;;;;;;;;;;
;9477;Green;Danny;14;SG;"6'6""";215;1987-06-22;30;;;N;106;SAS;San;Antonio;Spurs;;;;;;;;;;;;;
;9517;Green;Erick;18;PG;"6'4""";185;1991-05-08;26;Inglewood, CA;USA;N;98;UTA;Utah;Jazz;;;;;;;;;;;;;;
;9228;Green;Draymond;23;PF;"6'7""";230;1990-03-04;27;Saginaw, MI;USA;N;101;GSW;Golden;State;Warriors;;;;;;;;;;;;;
;9302;Green;JaMychal;0;PF;"6'9""";227;1990-06-21;27;;;N;107;MEM;Memphis;Grizzlies;;;;;;;;;;;;;;
;9271;Green;Jeff;32;SF;"6'9""";235;1986-08-27;31;Cheverly, MD;USA;N;86;CLE;Cleveland;Cavaliers;;;;;;;;;;;;;;
;9316;Green;Gerald;28;SG;"6'7""";205;1986-01-25;31;;;N;90;MIL;Milwaukee;Bucks;;;;;;;;;;;;;;
;13793;Griffin;Eric;17;C;"6'8""";205;1990-05-26;27;Orlando, FL;USA;Y;98;UTA;Utah;Jazz;;;;;;;;;;;;;;
;9262;Griffin;Blake;32;PF;"6'10""";251;1989-03-16;28;Oklahoma City, OK;USA;N;102;LAC;Los;Angeles;Clippers;;;;;;;;;;;;;
;9141;Gutierrez;Jorge;12;PG;"6'3""";191;1988-12-26;28;Chihuahua;Mexico;N;93;CHA;Charlotte;Hornets;;;;;;;;;;;;;;
;13763;Hamilton;Alex;;SG;"6'4""";195;1993-10-05;24;Marianna, FL;USA;Y;101;GSW;Golden;State;Warriors;;;;;;;;;;;;;
;13863;Hamilton;Daniel;25;G;"6'7""";195;1995-08-08;22;;;Y;96;OKL;Oklahoma;City;Thunder;;;;;;;;;;;;;
;9658;Hamilton;Justin;41;C;"7'0""";260;1990-03-31;27;Newport Beach, CA;USA;N;84;BRO;Brooklyn;Nets;;;;;;;;;;;;;;
;9657;Hammons;A.J.;4;C;"7'0""";26;1992-08-26;25;Gary, IN;USA;N;92;MIA;Miami;Heat;;;;;;;;;;;;;;
;9087;Hardaway;Jr.;Tim;3;SG;"6'6""";205;1992-03-15;25;;;N;83;NYK;New;York;Knicks;;;;;;;;;;;;
;9232;Harden;James;13;SG;"6'5""";220;1989-08-26;28;Los Angeles, CA;USA;N;109;HOU;Houston;Rockets;;;;;;;;;;;;;;
;9444;Harkless;Maurice;4;SF;"6'9""";215;1993-05-11;24;;;N;97;POR;Portland;Trail;Blazers;;;;;;;;;;;;;
;9563;Harper;Justin;;PF;"6'10""";225;1989-08-29;28;Richmond, VA;USA;N;85;PHI;Philadelphia;76ers;;;;;;;;;;;;;;
;9244;Harrell;Montrezl;5;PF;"6'8""";240;1994-01-25;23;;;N;102;LAC;Los;Angeles;Clippers;;;;;;;;;;;;;
;12250;Harris;Manny;6;SG;"6'5""";185;1989-09-20;28;Detroit, MI;USA;N;108;DAL;Dallas;Mavericks;;;;;;;;;;;;;;
;9191;Harris;Gary;14;SG;"6'4""";210;1994-09-14;23;;;N;99;DEN;Denver;Nuggets;;;;;;;;;;;;;;
;9540;Harris;Joe;;SG;"6'6""";219;1991-09-07;26;Chelan, WA;USA;N;84;BRO;Brooklyn;Nets;;;;;;;;;;;;;;
;9212;Harris;Tobias;34;PF;"6'9""";235;1992-07-15;25;Islip, NY;USA;N;88;DET;Detroit;Pistons;;;;;;;;;;;;;;
;9176;Harris;Devin;34;PG;"6'3""";192;1983-02-27;34;;;N;108;DAL;Dallas;Mavericks;;;;;;;;;;;;;;
;10130;Harrison;Andrew;5;G;"6'6""";213;1994-10-28;23;;;N;107;MEM;Memphis;Grizzlies;;;;;;;;;;;;;;
;9140;Harrison;Aaron;9;SG;"6'6""";210;1994-10-27;23;San Antonio, TX;USA;N;93;CHA;Charlotte;Hornets;;;;;;;;;;;;;;
;13756;Hart;Josh;5;G;"6'5""";215;1995-03-06;22;;;Y;105;LAL;Los;Angeles;Lakers;;;;;;;;;;;;;
;9310;Haslem;Udonis;40;PF;"6'8""";235;1980-06-09;37;;;N;92;MIA;Miami;Heat;;;;;;;;;;;;;;
;9132;Hawes;Spencer;0;PF;"7'1""";245;1988-04-26;29;Seattle, WA;USA;N;90;MIL;Milwaukee;Bucks;;;;;;;;;;;;;;
;9506;Hayward;Gordon;20;SF;"6'8""";226;1990-03-22;27;;;N;82;BOS;Boston;Celtics;;;;;;;;;;;;;;
;9450;Henderson;Gerald;9;SG;"6'5""";215;1987-12-08;29;Caldwell, NJ;USA;N;85;PHI;Philadelphia;76ers;;;;;;;;;;;;;;
;13837;Henderson;Terry;33;G;"6'3""";195;1994-03-21;23;Raleigh, NC;USA;Y;93;CHA;Charlotte;Hornets;;;;;;;;;;;;;;
;9324;Henson;John;31;C;"6'11""";229;1990-12-28;26;;;N;90;MIL;Milwaukee;Bucks;;;;;;;;;;;;;;
;10135;Hernangomez;Juancho;41;F;"6'9""";230;1995-09-28;22;;;N;99;DEN;Denver;Nuggets;;;;;;;;;;;;;;
;10101;Hernangomez;Guillermo;14;C;"6'11""";240;1994-05-27;23;;Spain;N;83;NYK;New;York;Knicks;;;;;;;;;;;;;
;9409;Hezonja;Mario;23;SF;"6'8""";215;1995-02-25;22;Dubrovnik;Croatia;N;95;ORL;Orlando;Magic;;;;;;;;;;;;;;
;9277;Hibbert;Roy;55;C;"7'2""";270;1986-12-08;30;Queens, NY;USA;N;99;DEN;Denver;Nuggets;;;;;;;;;;;;;;
;13836;Hicks;Isaiah;26;F;"6'9""";233;1994-07-24;23;Oxford, NC;USA;Y;83;NYK;New;York;Knicks;;;;;;;;;;;;;
;9531;Hickson;JJ;21;C;"6'9""";242;1988-09-03;29;Atlanta, GA;USA;N;94;WAS;Washington;Wizards;;;;;;;;;;;;;;
;10136;Hield;Buddy;24;G;"6'4""";214;1993-12-16;23;;;N;103;SAC;Sacramento;Kings;;;;;;;;;;;;;;
;9521;Hilario;Nene;42;PF;"6'11""";250;;;Sao;Carlos;Brazil;N;109;HOU;Houston;Rockets;;;;;;;;;;;;;
;9248;Hill;George;3;PG;"6'3""";192;1986-05-03;31;Indianapolis, IN;USA;N;103;SAC;Sacramento;Kings;;;;;;;;;;;;;;
;9256;Hill;Jordan;27;C;"6'10""";235;1987-07-26;30;Newberry, SC;USA;N;100;MIN;Minnesota;Timberwolves;;;;;;;;;;;;;;
;9251;Hill;Solomon;40;SF;"6'7""";225;1991-03-18;26;Harvey, IL;USA;N;110;NOP;New;Orleans;Pelicans;;;;;;;;;;;;;
;9215;Hilliard;Darrun;24;SG;"6'6""";205;1993-04-12;24;;;N;106;SAS;San;Antonio;Spurs;;;;;;;;;;;;;
;9085;Hinrich;Kirk;12;PG;"6'4""";190;1981-01-01;36;Sioux City, IA;USA;N;91;ATL;Atlanta;Hawks;;;;;;;;;;;;;;
;9155;Holiday;Justin;7;SG;"6'6""";185;1989-04-04;28;Mission Hills, CA;USA;N;89;CHI;Chicago;Bulls;;;;;;;;;;;;;;
;9355;Holiday;Jrue;11;PG;"6'4""";205;1990-06-12;27;;;N;110;NOP;New;Orleans;Pelicans;;;;;;;;;;;;;
;9111;Holland;John;30;SG;"6'5""";205;1988-11-05;29;;PuertoRico;N;86;CLE;Cleveland;Cavaliers;;;;;;;;;;;;;;
;9116;Hollis-Jefferson;Rondae;24;SF;"6'7""";220;1995-01-03;22;;;N;84;BRO;Brooklyn;Nets;;;;;;;;;;;;;;
;9422;Holmes;Richaun;22;PF;"6'10""";245;1993-10-15;24;;;N;85;PHI;Philadelphia;76ers;;;;;;;;;;;;;;
;9510;Hood;Rodney;5;SG;"6'8""";206;1992-10-20;25;;;N;98;UTA;Utah;Jazz;;;;;;;;;;;;;;
;9082;Horford;Al;15;C;"6'10""";245;1986-06-03;31;Rio;DominicanRepublic;N;82;BOS;Boston;Celtics;;;;;;;;;;;;;;
;13869;Hornacek;Jeff;;C;;;;;;;N;83;NYK;New;York;Knicks;;;;;;;;;;;;;
;10173;House;Danuel;4;F;"6'7""";215;1993-06-06;24;Houston, TX;USA;N;94;WAS;Washington;Wizards;;;;;;;;;;;;;;
;9236;Howard;Dwight;12;C;"6'11""";265;1985-12-07;31;Atlanta, GA;USA;N;93;CHA;Charlotte;Hornets;;;;;;;;;;;;;;
;9290;Huertas;Marcelo;9;PG;"6'3""";185;1983-05-24;34;Sao;Paulo;Brazil;N;105;LAL;Los;Angeles;Lakers;;;;;;;;;;;;
;9397;Huestis;Josh;34;PF;"6'7""";230;1991-12-19;25;;;N;96;OKL;Oklahoma;City;Thunder;;;;;;;;;;;;;
;9096;Humphries;Kris;43;PF;"6'9""";235;1985-02-05;32;Chaska, MN;USA;N;85;PHI;Philadelphia;76ers;;;;;;;;;;;;;;
;9106;Hunter;RJ;28;SG;"6'5""";185;1993-10-23;24;Oxford, OH;USA;N;89;CHI;Chicago;Bulls;;;;;;;;;;;;;;
;11970;Hunter;Vince;;PF;"6'8""";205;1994-08-05;23;Detroit, MI;USA;N;107;MEM;Memphis;Grizzlies;;;;;;;;;;;;;;
;9388;Ibaka;Serge;7;PF;"6'10""";245;1989-09-17;28;Brazzaville;Congo;N;81;TOR;Toronto;Raptors;;;;;;;;;;;;;;
;9223;Iguodala;Andre;9;SF;"6'6""";207;1984-01-28;33;Springfield, IL;USA;N;101;GSW;Golden;State;Warriors;;;;;;;;;;;;;
;9400;Ilyasova;Ersan;7;PF;"6'10""";235;1987-05-14;30;Eskisehir;Turkey;N;91;ATL;Atlanta;Hawks;;;;;;;;;;;;;;
;9513;Ingles;Joe;2;SF;"6'8""";226;1987-09-30;30;Happy;Valley;Australia;N;98;UTA;Utah;Jazz;;;;;;;;;;;;;
;10149;Ingram;Brandon;14;F;"6'9""";190;1997-09-02;20;;;N;105;LAL;Los;Angeles;Lakers;;;;;;;;;;;;;
;9157;Irving;Kyrie;11;PG;"6'3""";193;1992-03-23;25;Melbourne, Victoria;Australia;N;82;BOS;Boston;Celtics;;;;;;;;;;;;;;
;13733;Isaac;Jonathan;1;F;"6'10""";210;1997-10-03;20;The Bronx, NY;USA;Y;95;ORL;Orlando;Magic;;;;;;;;;;;;;;
;13803;Iwundu;Wesley;25;SG;"6'7""";195;1994-12-20;22;Houston, TX;USA;Y;95;ORL;Orlando;Magic;;;;;;;;;;;;;;
;9113;Jack;Jarrett;55;PG;"6'3""";200;1983-10-27;34;Baltimore, MD;USA;N;83;NYK;New;York;Knicks;;;;;;;;;;;;;
;10119;Jackson;Demetrius;2;G;"6'1""";201;1994-09-06;23;;;N;109;HOU;Houston;Rockets;;;;;;;;;;;;;;
;13743;Jackson;Justin;25;F;"6'8""";210;1995-03-28;22;;;Y;103;SAC;Sacramento;Kings;;;;;;;;;;;;;;
;13759;Jackson;Frank;;PG;"6'3""";205;1998-05-04;19;;;Y;110;NOP;New;Orleans;Pelicans;;;;;;;;;;;;;
;9213;Jackson;Reggie;1;PG;"6'3""";208;1990-04-16;27;;;N;88;DET;Detroit;Pistons;;;;;;;;;;;;;;
;11641;Jackson;Pierre;;SG;"5'10""";180;1991-08-28;26;Las Vegas, NV;USA;N;108;DAL;Dallas;Mavericks;;;;;;;;;;;;;;
;13731;Jackson;Josh;;F;"6'8""";200;1997-02-10;20;San Deigo, CA;USA;Y;104;PHX;Phoenix;Suns;;;;;;;;;;;;;;
;13794;James;Mike;55;PG;"6'1""";195;1990-08-18;27;Portland, OR;USA;Y;104;PHX;Phoenix;Suns;;;;;;;;;;;;;;
;9158;James;LeBron;23;SF;"6'8""";250;1984-12-30;32;Akron, OH;USA;N;86;CLE;Cleveland;Cavaliers;;;;;;;;;;;;;;
;9164;Jefferson;Richard;24;SF;"6'7""";233;1980-06-20;37;Los Angeles, CA;USA;N;99;DEN;Denver;Nuggets;;;;;;;;;;;;;;
;13819;Jefferson;Amile;21;PF;"6'9""";225;1993-05-07;24;Philadelphia, PA;USA;Y;100;MIN;Minnesota;Timberwolves;;;;;;;;;;;;;;
;9135;Jefferson;Al;25;C;"6'10""";289;1985-01-04;32;Monticello, MI;USA;N;87;IND;Indiana;Pacers;;;;;;;;;;;;;;
;9439;Jenkins;John;23;SG;"6'4""";215;1991-03-05;26;Hendersonville, TN;USA;N;104;PHX;Phoenix;Suns;;;;;;;;;;;;;;
;9403;Jennings;Brandon;55;PG;"6'1""";169;1989-09-22;28;Compton, CA;USA;N;94;WAS;Washington;Wizards;;;;;;;;;;;;;;
;9108;Jerebko;Jonas;8;PF;"6'10""";231;1987-03-01;30;;;N;98;UTA;Utah;Jazz;;;;;;;;;;;;;;
;9493;Johnson;James;16;PF;"6'9""";238;1987-02-19;30;Cheyenne, WY;USA;N;92;MIA;Miami;Heat;;;;;;;;;;;;;;
;10086;Johnson;Brice;10;F;"6'10""";230;1994-06-27;23;;USA;N;102;LAC;Los;Angeles;Clippers;;;;;;;;;;;;;
;9319;Johnson;Joe;6;SF;"6'7""";240;1981-06-29;36;Little Rock, AK;USA;N;98;UTA;Utah;Jazz;;;;;;;;;;;;;;
;9210;Johnson;Stanley;3;SF;"6'7""";245;1996-05-29;21;;;N;88;DET;Detroit;Pistons;;;;;;;;;;;;;;
;9269;Johnson;Wesley;33;SF;"6'7""";215;1987-07-11;30;;;N;102;LAC;Los;Angeles;Clippers;;;;;;;;;;;;;
;9311;Johnson;Tyler;8;SG;"6'4""";186;1992-05-06;25;;;N;92;MIA;Miami;Heat;;;;;;;;;;;;;;
;13760;Johnson;Dakari;44;C;"7'0""";255;1995-09-22;22;Brooklyn, NY;USA;Y;96;OKL;Oklahoma;City;Thunder;;;;;;;;;;;;;
;9511;Johnson;Chris;23;SF;"6'6""";206;1990-04-28;27;Orlando, FL;USA;N;109;HOU;Houston;Rockets;;;;;;;;;;;;;;
;9109;Johnson;Amir;90;PF;"6'9""";240;1987-04-30;30;;;N;85;PHI;Philadelphia;76ers;;;;;;;;;;;;;;
;13826;Jok;Peter;;SG;"6'6""";205;;;Khartoum;Sudan;Y;104;PHX;Phoenix;Suns;;;;;;;;;;;;;;
;9196;Jokic;Nikola;15;C;"6'10""";250;1995-02-19;22;;;N;99;DEN;Denver;Nuggets;;;;;;;;;;;;;;
;10172;Jones;Damian;15;C;"7'0""";245;1995-06-30;22;Baton Rouge, LA;USA;N;101;GSW;Golden;State;Warriors;;;;;;;;;;;;;
;11894;Jones;Perry;1;SF;"6'11""";235;1991-09-23;26;Winnsboro, LA;USA;N;110;NOP;New;Orleans;Pelicans;;;;;;;;;;;;;
;13852;Jones;DeQuan;20;SF;"6'8""";221;1990-06-20;27;Stone Mountain, GA;USA;Y;87;IND;Indiana;Pacers;;;;;;;;;;;;;;
;9347;Jones;Tyus;1;PG;"6'2""";195;1996-05-10;21;;;N;100;MIN;Minnesota;Timberwolves;;;;;;;;;;;;;;
;9171;Jones;Dahntay;30;SF;"6'6""";225;1980-12-25;36;Trenton, NJ;USA;N;86;CLE;Cleveland;Cavaliers;;;;;;;;;;;;;;
;9233;Jones;Terrence;14;PF;"6'9""";252;1992-01-07;25;Portland, OR;USA;N;90;MIL;Milwaukee;Bucks;;;;;;;;;;;;;;
;11974;Jones;Jalen;12;SF;"6'7""";220;1993-05-26;24;Dallas, TX;USA;N;110;NOP;New;Orleans;Pelicans;;;;;;;;;;;;;
;13841;Jones;Matt;9;G;"6'5""";204;1994-12-05;22;Dallas, TX;USA;Y;103;SAC;Sacramento;Kings;;;;;;;;;;;;;;
;9165;Jones;James;1;SF;"6'8""";218;1980-10-03;37;Miami, FL;USA;N;86;CLE;Cleveland;Cavaliers;;;;;;;;;;;;;;
;10146;Jones;Jr.;Derrick;10;F;"6'7""";190;1997-02-15;20;;;N;104;PHX;Phoenix;Suns;;;;;;;;;;;;;
;9268;Jordan;DeAndre;6;C;"6'11""";265;1988-07-21;29;;;N;102;LAC;Los;Angeles;Clippers;;;;;;;;;;;;;
;9498;Joseph;Cory;6;SG;"6'3""";190;1991-08-19;26;Toronto, ON;Canada;N;87;IND;Indiana;Pacers;;;;;;;;;;;;;;
;9137;Kaminsky;Frank;44;C;"7'0""";242;1993-04-04;24;;;N;93;CHA;Charlotte;Hornets;;;;;;;;;;;;;;
;9396;Kanter;Enes;0;C;"6'11""";245;1992-05-19;25;Zürich;Switzerland;N;83;NYK;New;York;Knicks;;;;;;;;;;;;;
;9281;Kelly;Ryan;30;PF;"6'11""";230;1991-04-08;26;Carmel, NY;USA;N;91;ATL;Atlanta;Hawks;;;;;;;;;;;;;;
;13740;Kennard;Luke;5;G;"6'6""";202;1996-06-24;21;;;Y;88;DET;Detroit;Pistons;;;;;;;;;;;;;;
;13895;Kerr;Steve;;C;;;;;;;N;101;GSW;Golden;State;Warriors;;;;;;;;;;;;;
;9128;Kidd-Gilchrist;Michael;14;SF;"6'7""";232;1993-09-26;24;;;N;93;CHA;Charlotte;Hornets;;;;;;;;;;;;;;
;9125;Kilpatrick;Sean;6;SG;"6'4""";210;1990-01-06;27;;;N;84;BRO;Brooklyn;Nets;;;;;;;;;;;;;;
;13817;Kleber;Maximilian;42;F;"6'11""";220;1992-01-29;25;;Germany;Y;108;DAL;Dallas;Mavericks;;;;;;;;;;;;;;
;9436;Knight;Brandon;3;SG;"6'3""";189;1991-12-02;25;;;N;104;PHX;Phoenix;Suns;;;;;;;;;;;;;;
;13806;Korkmaz;Furkan;30;SG;"6'7""";190;1997-07-24;20;;Turkey;Y;85;PHI;Philadelphia;76ers;;;;;;;;;;;;;;
;13862;Kornet;Luke;2;F;"7'1""";250;1995-07-15;22;;;Y;83;NYK;New;York;Knicks;;;;;;;;;;;;;
;9089;Korver;Kyle;26;SG;"6'7""";212;1981-03-17;36;Paramount, CA;USA;N;86;CLE;Cleveland;Cavaliers;;;;;;;;;;;;;;
;9463;Koufos;Kosta;41;C;"7'0""";265;1989-02-24;28;;;N;103;SAC;Sacramento;Kings;;;;;;;;;;;;;;
;13753;Kuzma;Kyle;0;F;"6'9""";200;1995-07-24;22;;;Y;105;LAL;Los;Angeles;Lakers;;;;;;;;;;;;;
;10103;Kuzminskas;Mindaugas;91;F;"6'9""";215;1989-10-19;28;;;N;83;NYK;New;York;Knicks;;;;;;;;;;;;;
;10140;Labissiere;Skal;3;F;"6'11""";225;1996-03-18;21;;;N;103;SAC;Sacramento;Kings;;;;;;;;;;;;;;
;9131;Lamb;Jeremy;3;SG;"6'5""";185;1992-05-30;25;;;N;93;CHA;Charlotte;Hornets;;;;;;;;;;;;;;
;9415;Landry;Carl;7;PF;"6'9""";248;1983-09-18;34;Milwaukee, WI;USA;N;85;PHI;Philadelphia;76ers;;;;;;;;;;;;;;
;10111;Laprovittola;Nicolas;27;G;"6'4""";180;1990-01-30;27;Buenos;Aires;Argentina;N;106;SAS;San;Antonio;Spurs;;;;;;;;;;;;
;9120;Larkin;Shane;8;PG;"5'11""";175;1992-09-30;25;Cincinnati, OH;USA;N;82;BOS;Boston;Celtics;;;;;;;;;;;;;;
;9193;Lauvergne;Joffrey;77;C;"6'11""";220;1991-09-29;26;;;N;106;SAS;San;Antonio;Spurs;;;;;;;;;;;;;
;9343;LaVine;Zach;8;SG;"6'5""";189;1995-03-09;22;;;N;89;CHI;Chicago;Bulls;;;;;;;;;;;;;;
;9261;Lawson;Ty;10;G;"5'11""";195;1987-11-02;30;Clinton, MD;USA;N;103;SAC;Sacramento;Kings;;;;;;;;;;;;;;
;10107;Layman;Jake;10;F;"6'9""";210;1994-03-07;23;;;N;97;POR;Portland;Trail;Blazers;;;;;;;;;;;;;
;13746;Leaf;T.;J.;22;F;"6'10""";225;1997-04-30;20;;;Y;87;IND;Indiana;Pacers;;;;;;;;;;;;;
;9186;Lee;David;42;PF;"6'9""";245;1983-04-29;34;St. Louis, MO;USA;N;106;SAS;San;Antonio;Spurs;;;;;;;;;;;;;
;9127;Lee;Courtney;1;SG;"6'5""";200;1985-10-03;32;Indianapolis, IN;USA;N;83;NYK;New;York;Knicks;;;;;;;;;;;;;
;9431;Len;Alex;21;C;"7'1""";260;1993-06-16;24;;;N;104;PHX;Phoenix;Suns;;;;;;;;;;;;;;
;9446;Leonard;Meyers;11;PF;"7'1""";245;1992-02-27;25;;;N;97;POR;Portland;Trail;Blazers;;;;;;;;;;;;;
;9476;Leonard;Kawhi;2;SF;"6'7""";230;1991-06-29;26;Los Angeles, CA;USA;N;106;SAS;San;Antonio;Spurs;;;;;;;;;;;;;
;9432;Leuer;Jon;30;PF;"6'10""";228;1989-05-14;28;Long Lake, MN;USA;N;88;DET;Detroit;Pistons;;;;;;;;;;;;;;
;9659;Levert;Caris;22;G;"6'6""";185;1994-08-25;23;;USA;N;84;BRO;Brooklyn;Nets;;;;;;;;;;;;;;
;10104;Liggins;DeAndre;14;G;"6'6""";209;1988-03-30;29;Chicago, IL;USA;N;90;MIL;Milwaukee;Bucks;;;;;;;;;;;;;;
;9445;Lillard;Damian;0;PG;"6'3""";195;1990-07-15;27;;;N;97;POR;Portland;Trail;Blazers;;;;;;;;;;;;;
;9138;Lin;Jeremy;7;SG;"6'3""";200;1988-08-23;29;;USA;N;84;BRO;Brooklyn;Nets;;;;;;;;;;;;;;
;9224;Livingston;Shaun;34;PG;"6'7""";182;1985-09-11;32;Peoria, IL;USA;N;101;GSW;Golden;State;Warriors;;;;;;;;;;;;;
;11957;Long;Shawn;;PF;"6'9""";248;1993-01-28;24;Morgan City, LA;USA;N;85;PHI;Philadelphia;76ers;;;;;;;;;;;;;;
;9227;Looney;Kevon;36;PF;"6'9""";220;1996-02-06;21;Milwaukee, WI;USA;N;101;GSW;Golden;State;Warriors;;;;;;;;;;;;;
;9378;Lopez;Robin;8;C;"7'0""";265;1988-04-01;29;North Hollywood, CA;USA;N;89;CHI;Chicago;Bulls;;;;;;;;;;;;;;
;9118;Lopez;Brook;11;C;"7'0""";275;1988-03-31;29;;;N;105;LAL;Los;Angeles;Lakers;;;;;;;;;;;;;
;9161;Love;Kevin;0;PF;"6'10""";251;1988-09-07;29;Santa Monica, CA;USA;N;86;CLE;Cleveland;Cavaliers;;;;;;;;;;;;;;
;9490;Lowry;Kyle;7;PG;"6'0""";205;1986-03-25;31;Philadelphia, PA;USA;N;81;TOR;Toronto;Raptors;;;;;;;;;;;;;;
;13830;Lucas;Kalin;27;PG;"6'1""";195;1989-05-24;28;Sterling Heights, MI;USA;Y;95;ORL;Orlando;Magic;;;;;;;;;;;;;;
;10128;Lucas;III;John;11;G;"5'11""";166;1982-11-20;35;Washington, DC;USA;N;100;MIN;Minnesota;Timberwolves;;;;;;;;;;;;;
;10139;Luwawu-Cabarrot;Timothe;20;G;"6'6""";205;1995-05-09;22;;;N;85;PHI;Philadelphia;76ers;;;;;;;;;;;;;;
;13751;Lydon;Tyler;20;F;"6'9""";220;1996-04-09;21;;;Y;99;DEN;Denver;Nuggets;;;;;;;;;;;;;;
;9512;Lyles;Trey;7;PF;"6'10""";234;1995-11-04;22;;;N;99;DEN;Denver;Nuggets;;;;;;;;;;;;;;
;9502;Mack;Shelvin;6;PG;"6'3""";203;1990-04-21;27;;;N;95;ORL;Orlando;Magic;;;;;;;;;;;;;;
;11959;Magette;Josh;11;PG;"6'1""";160;1989-11-27;27;Birmingham, AL;USA;N;91;ATL;Atlanta;Hawks;;;;;;;;;;;;;;
;9249;Mahinmi;Ian;28;C;"6'11""";255;1986-11-05;31;Rouen;France;N;94;WAS;Washington;Wizards;;;;;;;;;;;;;;
;10126;Maker;Thon;7;F;"7'1""";223;1997-02-25;20;;;N;90;MIL;Milwaukee;Bucks;;;;;;;;;;;;;;
;13924;Malone;Michael;;C;;;;;;;N;99;DEN;Denver;Nuggets;;;;;;;;;;;;;;
;9484;Marjanovic;Boban;40;C;"7'3""";290;1988-08-15;29;Zajecar;Yugoslavia;N;88;DET;Detroit;Pistons;;;;;;;;;;;;;;
;13734;Markkanen;Lauri;24;C;"7'0""";230;;;Vantaa;Finland;Y;89;CHI;Chicago;Bulls;;;;;;;;;;;;;;
;9424;Marshall;Kendall;5;PG;"6'4""";200;1991-08-18;26;Dumfries, VA;USA;N;85;PHI;Philadelphia;76ers;;;;;;;;;;;;;;
;9303;Martin;Jarell;10;PF;"6'10""";239;1994-05-24;23;;;N;107;MEM;Memphis;Grizzlies;;;;;;;;;;;;;;
;13811;Mason;Frank;10;PG;"5'11""";190;1994-04-03;23;Petersburg, VA;USA;Y;103;SAC;Sacramento;Kings;;;;;;;;;;;;;;
;13824;Mathews;Jordan;;SG;"6'4""";203;1994-06-22;23;;;Y;91;ATL;Atlanta;Hawks;;;;;;;;;;;;;;
;13787;Mathiang;Mangok;9;PF;"6'10""";230;1992-10-08;25;;Sudan;Y;93;CHA;Charlotte;Hornets;;;;;;;;;;;;;;
;9179;Matthews;Wesley;23;SG;"6'5""";220;1986-10-14;31;;;N;108;DAL;Dallas;Mavericks;;;;;;;;;;;;;;
;9275;Mbah;a;Moute;Luc;12;PF;"6'8""";230;1986-09-08;31;;;N;109;HOU;Houston;Rockets;;;;;;;;;;;;
;9226;McAdoo;James;Michael;14;PF;"6'9""";230;1993-01-03;24;;;N;85;PHI;Philadelphia;76ers;;;;;;;;;;;;;
;9546;McCallum;Ray;5;PG;"6'3""";190;1991-06-11;26;Madison, WI;USA;N;93;CHA;Charlotte;Hornets;;;;;;;;;;;;;;
;10112;McCaw;Patrick;;G;"6'7""";185;1995-10-25;22;St. Louis, MI;USA;N;101;GSW;Golden;State;Warriors;;;;;;;;;;;;;
;10152;McClellan;Sheldon;9;G;"6'6""";200;1992-12-21;24;;;N;94;WAS;Washington;Wizards;;;;;;;;;;;;;;
;9447;McCollum;CJ;3;SG;"6'4""";200;1991-09-19;26;;;N;97;POR;Portland;Trail;Blazers;;;;;;;;;;;;;
;9423;McConnell;TJ;12;PG;"6'2""";200;1992-03-25;25;;;N;85;PHI;Philadelphia;76ers;;;;;;;;;;;;;;
;13821;McCree;Erik;;SF;"6'8""";225;1993-12-20;23;Orlando, FL;USA;Y;92;MIA;Miami;Heat;;;;;;;;;;;;;;
;9117;McCullough;Chris;1;PF;"6'11""";200;1995-02-05;22;;;N;94;WAS;Washington;Wizards;;;;;;;;;;;;;;
;9242;McDaniels;KJ;32;SF;"6'6""";205;1993-02-08;24;;;N;81;TOR;Toronto;Raptors;;;;;;;;;;;;;;
;9148;McDermott;Doug;20;SF;"6'8""";225;1992-01-02;25;;;N;83;NYK;New;York;Knicks;;;;;;;;;;;;;
;9393;McGary;Mitch;33;PF;"6'10""";255;1992-06-05;25;Chesterton, IN;USA;N;96;OKL;Oklahoma;City;Thunder;;;;;;;;;;;;;
;9173;McGee;JaVale;11;C;"7'0""";270;1988-01-19;29;Flint, MI;USA;N;101;GSW;Golden;State;Warriors;;;;;;;;;;;;;
;9663;McGruder;Rodney;17;SG;"6'4""";205;1991-07-28;26;Landover, MD;USA;N;92;MIA;Miami;Heat;;;;;;;;;;;;;;
;13839;McKinney-Jones;Trey;10;G;"6'5""";214;1990-08-27;27;Milwaukee, WI;USA;Y;87;IND;Indiana;Pacers;;;;;;;;;;;;;;
;13865;McKinnie;Alfonso;34;F;"6'8""";215;1992-09-17;25;;;Y;81;TOR;Toronto;Raptors;;;;;;;;;;;;;;
;9458;McLemore;Ben;23;SG;"6'5""";195;1993-02-10;24;;;N;107;MEM;Memphis;Grizzlies;;;;;;;;;;;;;;
;13897;McMillan;Nate;;C;;;;;;;N;87;IND;Indiana;Pacers;;;;;;;;;;;;;;
;9170;McRae;Jordan;12;PG;"6'6""";185;1991-03-27;26;Savannah, GA;USA;N;86;CLE;Cleveland;Cavaliers;;;;;;;;;;;;;;
;9309;McRoberts;Josh;13;PF;"6'10""";240;1987-02-27;30;;;N;108;DAL;Dallas;Mavericks;;;;;;;;;;;;;;
;9206;Meeks;Jodie;20;SG;"6'4""";210;1987-08-20;30;Nashville, TN;USA;N;94;WAS;Washington;Wizards;;;;;;;;;;;;;;
;9185;Mejri;Salah;50;C;"7'1""";245;1986-06-15;31;;;N;108;DAL;Dallas;Mavericks;;;;;;;;;;;;;;
;9110;Mickey;Jordan;25;PF;"6'8""";235;1994-07-08;23;;;N;92;MIA;Miami;Heat;;;;;;;;;;;;;;
;9334;Middleton;Khris;22;SG;"6'8""";234;1991-08-12;26;;;N;90;MIL;Milwaukee;Bucks;;;;;;;;;;;;;;
;9247;Miles;CJ;0;SF;"6'6""";231;1987-04-17;30;;;N;81;TOR;Toronto;Raptors;;;;;;;;;;;;;;
;11924;Miller;Darius;21;SF;"6'8""";225;1990-03-20;27;Mysville, KA;USA;N;110;NOP;New;Orleans;Pelicans;;;;;;;;;;;;;
;9199;Miller;Mike;3;SF;"6'8""";218;1980-02-18;37;Mitchell, SD;USA;N;99;DEN;Denver;Nuggets;;;;;;;;;;;;;;
;13866;Miller;Malcolm;13;F;"6'7""";210;1993-03-06;24;;;Y;81;TOR;Toronto;Raptors;;;;;;;;;;;;;;
;9474;Mills;Patty;8;PG;"6'0""";185;1988-08-11;29;;;N;106;SAS;San;Antonio;Spurs;;;;;;;;;;;;;
;9538;Millsap;Elijah;;SG;"6'6""";225;1987-08-11;30;Monroe, LA;USA;N;104;PHX;Phoenix;Suns;;;;;;;;;;;;;;
;9093;Millsap;Paul;4;PF;"6'8""";246;1985-02-09;32;Monroe, LA;USA;N;99;DEN;Denver;Nuggets;;;;;;;;;;;;;;
;9146;Mirotic;Nikola;44;PF;"6'10""";220;1991-02-11;26;;;N;89;CHI;Chicago;Bulls;;;;;;;;;;;;;;
;13741;Mitchell;Donovan;45;G;;215;1996-09-07;21;;;Y;98;UTA;Utah;Jazz;;;;;;;;;;;;;;
;13846;Mitrou-Long;Naz;30;G;"6'4""";209;1993-08-03;24;Mississauga, ON;Canada;Y;98;UTA;Utah;Jazz;;;;;;;;;;;;;;
;13739;Monk;Malik;1;G;"6'3""";200;1998-02-04;19;;;Y;93;CHA;Charlotte;Hornets;;;;;;;;;;;;;;
;9335;Monroe;Greg;15;C;"6'11""";265;1990-06-03;27;;;N;90;MIL;Milwaukee;Bucks;;;;;;;;;;;;;;
;9455;Montero;Luis;;SG;"6'7""";185;1993-04-05;24;Santo;Domingo;DominicanRepublic;N;88;DET;Detroit;Pistons;;;;;;;;;;;;;
;13831;Moore;Ben;26;F;"6'7""";203;1995-05-13;22;Bolingbrook, IL;USA;Y;87;IND;Indiana;Pacers;;;;;;;;;;;;;;
;9147;Moore;E'Twaun;55;SG;"6'4""";205;1989-02-28;28;East Chicago, IN;USA;N;110;NOP;New;Orleans;Pelicans;;;;;;;;;;;;;
;9471;Moreland;Eric;;PF;"6'10""";238;1991-12-24;25;;;N;88;DET;Detroit;Pistons;;;;;;;;;;;;;;
;13834;Morgan;Jeremy;20;G;"6'5""";192;1995-05-08;22;Coralville, IA;USA;Y;107;MEM;Memphis;Grizzlies;;;;;;;;;;;;;;
;9520;Morris;Markieff;5;PF;"6'10""";245;1989-09-02;28;;;N;94;WAS;Washington;Wizards;;;;;;;;;;;;;;
;13791;Morris;Monte;11;PG;"6'3""";175;1995-06-27;22;Grand Rapids, MI;USA;Y;99;DEN;Denver;Nuggets;;;;;;;;;;;;;;
;9207;Morris;Marcus;13;SF;"6'9""";235;1989-09-01;28;;;N;82;BOS;Boston;Celtics;;;;;;;;;;;;;;
;9392;Morrow;Anthony;24;SG;"6'5""";210;1985-09-26;32;;;N;97;POR;Portland;Trail;Blazers;;;;;;;;;;;;;
;9234;Motiejunas;Donatas;20;PF;"7'0""";222;1990-09-19;27;Kaunas;Lithuania;N;110;NOP;New;Orleans;Pelicans;;;;;;;;;;;;;
;13818;Motley;Johnathan;6;PF;"6'10""";230;1995-05-04;22;Houston, TX;USA;Y;108;DAL;Dallas;Mavericks;;;;;;;;;;;;;;
;9160;Mozgov;Timofey;20;C;"7'1""";275;1986-07-15;31;St.;Petersburg;Russia;N;84;BRO;Brooklyn;Nets;;;;;;;;;;;;;
;9194;Mudiay;Emmanuel;0;PG;"6'5""";200;1996-03-05;21;Kinshasa;Congo;N;99;DEN;Denver;Nuggets;;;;;;;;;;;;;;
;9339;Muhammad;Shabazz;15;SF;"6'6""";223;1992-11-13;25;;;N;100;MIN;Minnesota;Timberwolves;;;;;;;;;;;;;;
;9306;Munford;Xavier;9;SG;"6'3""";180;1992-05-31;25;;;N;90;MIL;Milwaukee;Bucks;;;;;;;;;;;;;;
;10134;Murray;Jamal;27;G;"6'4""";207;1997-02-23;20;;;N;99;DEN;Denver;Nuggets;;;;;;;;;;;;;;
;10165;Murray;Dejounte;5;G;"6'5""";170;1996-09-19;21;;;N;106;SAS;San;Antonio;Spurs;;;;;;;;;;;;;
;9092;Muscala;Mike;31;C;"6'11""";240;1991-07-01;26;;;N;91;ATL;Atlanta;Hawks;;;;;;;;;;;;;;
;13770;Nader;Abdel;28;SF;"6'6""";230;1993-09-25;24;;;Y;82;BOS;Boston;Celtics;;;;;;;;;;;;;;
;9286;Nance;Jr.;Larry;7;PF;"6'9""";230;1993-01-01;24;;;N;105;LAL;Los;Angeles;Lakers;;;;;;;;;;;;
;9405;Napier;Shabazz;13;PG;"6'1""";175;1991-07-14;26;Roxbury, MA;USA;N;97;POR;Portland;Trail;Blazers;;;;;;;;;;;;;
;9661;Ndour;Maurice;;F;"6'9""";200;1992-06-17;25;Sindia;Senegal;N;83;NYK;New;York;Knicks;;;;;;;;;;;;;
;9535;Neal;Gary;;PG;"6'4""";210;1984-10-01;33;Baltimore, MD;USA;N;91;ATL;Atlanta;Hawks;;;;;;;;;;;;;;
;9195;Nelson;Jameer;1;PG;"6'0""";190;1982-02-09;35;;;N;110;NOP;New;Orleans;Pelicans;;;;;;;;;;;;;
;12198;Nene;Maybyner;42;C;;;;;;;N;109;HOU;Houston;Rockets;;;;;;;;;;;;;;
;9514;Neto;Raul;25;PG;"6'1""";179;1992-05-19;25;Belo;Horizonte;Brazil;N;98;UTA;Utah;Jazz;;;;;;;;;;;;;
;10162;Niang;George;31;F;"6'8""";230;1993-06-16;24;;;N;101;GSW;Golden;State;Warriors;;;;;;;;;;;;;
;9401;Nicholson;Andrew;44;PF;"6'9""";250;1989-12-06;27;Mississauga, ON;Canada;N;84;BRO;Brooklyn;Nets;;;;;;;;;;;;;;
;13829;Nnoko;Landry;35;PF;"6'10""";255;1994-04-09;23;Yaounde;Cameroon;Y;88;DET;Detroit;Pistons;;;;;;;;;;;;;;
;9143;Noah;Joakim;13;C;"6'11""";232;1985-02-25;32;New York, NY;USA;N;83;NYK;New;York;Knicks;;;;;;;;;;;;;
;9413;Noel;Nerlens;4;C;"6'11""";228;1994-04-09;23;;;N;108;DAL;Dallas;Mavericks;;;;;;;;;;;;;;
;9487;Nogueira;Lucas;92;C;"7'0""";220;1992-07-26;25;Sao;Goncalo;Brazil;N;81;TOR;Toronto;Raptors;;;;;;;;;;;;;
;9336;Novak;Steve;6;PF;"6'10""";225;1983-06-12;34;Libertyville, IL;USA;N;90;MIL;Milwaukee;Bucks;;;;;;;;;;;;;;
;9172;Nowitzki;Dirk;41;PF;"7'0""";245;1978-06-19;39;;;N;108;DAL;Dallas;Mavericks;;;;;;;;;;;;;;
;13735;Ntilikina;Frank;11;G;"6'5""";190;1998-07-28;19;Ixelles;Belgium;Y;83;NYK;New;York;Knicks;;;;;;;;;;;;;
;9192;Nurkic;Jusuf;23;C;"7'0""";280;1994-08-23;23;;;N;97;POR;Portland;Trail;Blazers;;;;;;;;;;;;;
;12199;Nwaba;David;11;G;"6'4""";209;1993-01-13;24;;;N;89;CHI;Chicago;Bulls;;;;;;;;;;;;;;
;9332;O'Bryant;III;Johnny;77;PF;"6'9""";257;1993-06-01;24;;;N;93;CHA;Charlotte;Hornets;;;;;;;;;;;;;
;10153;Ochefu;Daniel;32;F;"6'11""";245;1993-12-15;23;;;N;94;WAS;Washington;Wizards;;;;;;;;;;;;;;
;13775;Ojeleye;Semi;37;PF;"6'7""";235;1994-12-05;22;Overland Park, KS;USA;Y;82;BOS;Boston;Celtics;;;;;;;;;;;;;;
;9421;Okafor;Jahlil;8;C;"6'11""";275;1995-12-15;21;;;N;85;PHI;Philadelphia;76ers;;;;;;;;;;;;;;
;13835;Okafor;Emeka;50;C;"6'10""";252;1982-09-28;35;Houston, TX;USA;Y;85;PHI;Philadelphia;76ers;;;;;;;;;;;;;;
;9402;Oladipo;Victor;4;SG;"6'4""";210;1992-05-03;25;Upper Marlboro, MD;USA;N;87;IND;Indiana;Pacers;;;;;;;;;;;;;;
;13768;Oliver;Cameron;;PF;"6'8""";225;1996-07-11;21;;;Y;109;HOU;Houston;Rockets;;;;;;;;;;;;;;
;9100;Olynyk;Kelly;9;C;"7'0""";238;1991-04-18;26;;;N;92;MIA;Miami;Heat;;;;;;;;;;;;;;
;13792;O'Neale;Royce;;SF;"6'6""";226;1993-06-05;24;Killeen, TX;USA;Y;98;UTA;Utah;Jazz;;;;;;;;;;;;;;
;10164;Onuaku;Chinanu;21;F;"6'10""";245;1996-11-01;21;;;N;109;HOU;Houston;Rockets;;;;;;;;;;;;;;
;10116;Onuaku;Arinze;21;F;"6'9""";255;1987-07-12;30;;;N;109;HOU;Houston;Rockets;;;;;;;;;;;;;;
;9376;O'Quinn;Kyle;9;PF;"6'10""";250;1990-03-26;27;Jamaica, NY;USA;N;83;NYK;New;York;Knicks;;;;;;;;;;;;;
;13780;Osman;Cedi;16;SF;"6'8""";215;1995-04-08;22;;;Y;86;CLE;Cleveland;Cavaliers;;;;;;;;;;;;;;
;13799;Ouattara;Yakuba;;SG;"6'4""";220;1992-01-24;25;;Ghana;Y;84;BRO;Brooklyn;Nets;;;;;;;;;;;;;;
;9526;Oubre;Jr.;Kelly;12;SF;"6'7""";205;1995-12-09;21;;;N;94;WAS;Washington;Wizards;;;;;;;;;;;;;
;9183;Pachulia;Zaza;27;C;"6'11""";275;1984-02-10;33;Tbilisi;Russia;N;101;GSW;Golden;State;Warriors;;;;;;;;;;;;;
;11982;Paige;Marcus;;PG;"6'2""";164;1993-09-11;24;Marion, IA;USA;N;93;CHA;Charlotte;Hornets;;;;;;;;;;;;;;
;10142;Papagiannis;Georgios;13;C;"7'1""";240;1997-07-03;20;;;N;103;SAC;Sacramento;Kings;;;;;;;;;;;;;;
;9472;Parker;Tony;9;PG;"6'2""";185;1982-05-17;35;Bruges;Belgium;N;106;SAS;San;Antonio;Spurs;;;;;;;;;;;;;
;9329;Parker;Jabari;12;PF;"6'8""";250;1995-03-15;22;;;N;90;MIL;Milwaukee;Bucks;;;;;;;;;;;;;;
;9174;Parsons;Chandler;25;SF;"6'10""";230;1988-10-25;29;Casselberry, FL;USA;N;107;MEM;Memphis;Grizzlies;;;;;;;;;;;;;;
;13757;Pasecniks;Anzejs;10;C;"7'1""";220;1995-12-20;21;;;Y;85;PHI;Philadelphia;76ers;;;;;;;;;;;;;;
;9488;Patterson;Patrick;54;PF;"6'9""";235;1989-03-13;28;;;N;96;OKL;Oklahoma;City;Thunder;;;;;;;;;;;;;
;9094;Patterson;Lamar;33;SG;"6'6""";215;1991-08-10;26;Lancaster, PA;USA;N;91;ATL;Atlanta;Hawks;;;;;;;;;;;;;;
;13744;Patton;Justin;24;C;"7'0""";230;1997-06-14;20;;;Y;100;MIN;Minnesota;Timberwolves;;;;;;;;;;;;;;
;9265;Paul;Chris;3;PG;"6'0""";175;1985-05-05;32;;;N;109;HOU;Houston;Rockets;;;;;;;;;;;;;;
;11951;Paul;Branden;;SG;"6'4""";200;1991-04-30;26;Gurnee, IL;USA;N;106;SAS;San;Antonio;Spurs;;;;;;;;;;;;;
;9394;Payne;Cameron;22;PG;"6'3""";185;1994-08-08;23;;;N;89;CHI;Chicago;Bulls;;;;;;;;;;;;;;
;9344;Payne;Adreian;33;PF;"6'10""";237;1991-02-18;26;;;N;95;ORL;Orlando;Magic;;;;;;;;;;;;;;
;9407;Payton;Elfrid;4;PG;"6'4""";185;1994-02-22;23;;;N;95;ORL;Orlando;Magic;;;;;;;;;;;;;;
;11882;Payton;II;Gary;;PG;"6'3""";184;1992-12-01;24;Seattle, WA;USA;N;90;MIL;Milwaukee;Bucks;;;;;;;;;;;;;
;13774;Peak;L.J.;;SG;"6'5""";215;;;Gaffney, SC;USA;Y;82;BOS;Boston;Celtics;;;;;;;;;;;;;;
;9362;Perkins;Kendrick;21;C;"6'10""";270;1984-11-09;33;;;N;86;CLE;Cleveland;Cavaliers;;;;;;;;;;;;;;
;13833;Perrantes;London;7;G;"6'2""";200;1994-10-03;23;Los Angeles, CA;USA;Y;86;CLE;Cleveland;Cavaliers;;;;;;;;;;;;;;
;13795;Peters;Alec;25;PF;"6'9""";235;1995-04-13;22;Washington, IL;USA;Y;104;PHX;Phoenix;Suns;;;;;;;;;;;;;;
;13827;Petrasek;Luke;;SF;"6'10""";215;1995-08-17;22;Northport, NY;USA;Y;93;CHA;Charlotte;Hornets;;;;;;;;;;;;;;
;9267;Pierce;Paul;34;SF;"6'7""";235;1977-10-12;40;Oakland, CA;USA;N;102;LAC;Los;Angeles;Clippers;;;;;;;;;;;;;
;11127;Plumlee;Marshall;40;C;"7'0""";250;1992-07-13;25;;;N;102;LAC;Los;Angeles;Clippers;;;;;;;;;;;;;
;9442;Plumlee;Mason;24;C;"6'11""";245;1990-03-05;27;;;N;99;DEN;Denver;Nuggets;;;;;;;;;;;;;;
;9322;Plumlee;Miles;18;C;"6'11""";249;1988-08-30;29;Fort Wayne, IN;USA;N;91;ATL;Atlanta;Hawks;;;;;;;;;;;;;;
;10122;Poeltl;Jakob;42;C;"7'0""";230;1995-10-15;22;Vienna;Austria;N;81;TOR;Toronto;Raptors;;;;;;;;;;;;;;
;9351;Pondexter;Quincy;20;SG;"6'7""";220;1988-03-09;29;Fresno, CA;USA;N;89;CHI;Chicago;Bulls;;;;;;;;;;;;;;
;13896;Popovich;Gregg;;C;;;;;;;N;106;SAS;San;Antonio;Spurs;;;;;;;;;;;;;
;9524;Porter;Jr.;Otto;22;SF;"6'8""";198;1993-06-03;24;;;N;94;WAS;Washington;Wizards;;;;;;;;;;;;;
;9151;Portis;Bobby;5;PF;"6'11""";230;1995-02-10;22;;;N;89;CHI;Chicago;Bulls;;;;;;;;;;;;;;
;9373;Porzingis;Kristaps;6;PF;"7'3""";240;1995-08-02;22;Liepaja;Latvia;N;83;NYK;New;York;Knicks;;;;;;;;;;;;;
;9177;Powell;Dwight;7;PF;"6'11""";240;1991-07-20;26;;;N;108;DAL;Dallas;Mavericks;;;;;;;;;;;;;;
;9500;Powell;Norman;24;SG;"6'4""";215;1993-05-25;24;San Diego, CA;USA;N;81;TOR;Toronto;Raptors;;;;;;;;;;;;;;
;11960;Poythress;Alex;0;C;"6'8""";239;1993-09-05;24;Clarksville, TN;USA;N;87;IND;Indiana;Pacers;;;;;;;;;;;;;;
;9549;Pressey;Phil;25;PG;"5'11""";175;1991-02-16;26;Dallas, TX;USA;N;104;PHX;Phoenix;Suns;;;;;;;;;;;;;;
;9437;Price;Ronnie;;PG;"6'2""";190;1983-06-20;34;Friendswood, TX;USA;N;104;PHX;Phoenix;Suns;;;;;;;;;;;;;;
;10155;Prince;Taurean;12;F;"6'8""";220;1994-03-22;23;;;N;91;ATL;Atlanta;Hawks;;;;;;;;;;;;;;
;13807;Pullen;Jacob;;PG;"6'1""";200;1989-11-10;28;Maywood, IL;USA;Y;85;PHI;Philadelphia;76ers;;;;;;;;;;;;;;
;10170;Quarterman;Tim;55;G;"6'6""";190;1994-10-26;23;;;N;109;HOU;Houston;Rockets;;;;;;;;;;;;;;
;13814;Rabb;Ivan;10;PF;"6'10""";220;1997-02-04;20;Oakland, CA;USA;Y;107;MEM;Memphis;Grizzlies;;;;;;;;;;;;;;
;11699;Randle;Chasson;5;PG;"6'2""";185;1993-02-04;24;Rock Island, IL;USA;N;83;NYK;New;York;Knicks;;;;;;;;;;;;;
;9282;Randle;Julius;30;PF;"6'9""";250;1994-11-29;22;;;N;105;LAL;Los;Angeles;Lakers;;;;;;;;;;;;;
;9294;Randolph;Zach;50;PF;"6'9""";260;1981-07-15;36;;;N;103;SAC;Sacramento;Kings;;;;;;;;;;;;;;
;9264;Redick;JJ;17;SG;"6'4""";190;1984-06-23;33;;;N;85;PHI;Philadelphia;76ers;;;;;;;;;;;;;;
;13758;Reed;Davon;;SG;"6'6""";220;1995-06-11;22;;;Y;104;PHX;Phoenix;Suns;;;;;;;;;;;;;;
;9123;Reed;Willie;35;PF;"6'11""";235;1990-05-15;27;Kansas City, MI;USA;N;102;LAC;Los;Angeles;Clippers;;;;;;;;;;;;;
;9317;Richardson;Josh;0;SG;"6'6""";200;1993-09-15;24;;;N;92;MIA;Miami;Heat;;;;;;;;;;;;;;
;10141;Richardson;Malachi;5;G;"6'6""";205;1996-01-05;21;;;N;103;SAC;Sacramento;Kings;;;;;;;;;;;;;;
;9270;Rivers;Austin;25;SG;"6'4""";200;1992-08-01;25;;;N;102;LAC;Los;Angeles;Clippers;;;;;;;;;;;;;
;9385;Roberson;Andre;21;SG;"6'7""";210;1991-12-04;25;;;N;96;OKL;Oklahoma;City;Thunder;;;;;;;;;;;;;
;9443;Roberts;Brian;22;PG;"6'1""";173;1985-12-02;31;Toledo, OH;USA;N;93;CHA;Charlotte;Hornets;;;;;;;;;;;;;;
;13810;Robinson;Devin;7;SF;"6'8""";200;1995-03-07;22;;;Y;94;WAS;Washington;Wizards;;;;;;;;;;;;;;
;9122;Robinson;Thomas;15;F;"6'10""";237;1991-03-16;26;;;N;105;LAL;Los;Angeles;Lakers;;;;;;;;;;;;;
;9257;Robinson;III;Glenn;40;SF;"6'7""";222;1994-01-08;23;;;N;87;IND;Indiana;Pacers;;;;;;;;;;;;;
;10114;Rodriguez;Sergio;14;G;"6'3""";176;1986-06-11;31;Tenerife;Spain;N;85;PHI;Philadelphia;76ers;;;;;;;;;;;;;;
;9464;Rondo;Rajon;9;PG;"6'1""";186;1986-02-21;31;Louisville, KY;USA;N;110;NOP;New;Orleans;Pelicans;;;;;;;;;;;;;
;9142;Rose;Derrick;1;PG;"6'3""";190;1988-10-03;29;Chicago, IL;USA;N;86;CLE;Cleveland;Cavaliers;;;;;;;;;;;;;;
;9492;Ross;Terrence;31;SF;"6'7""";195;1991-02-04;26;;;N;95;ORL;Orlando;Magic;;;;;;;;;;;;;;
;9105;Rozier;Terry;12;PG;"6'2""";190;1994-03-17;23;;;N;82;BOS;Boston;Celtics;;;;;;;;;;;;;;
;9338;Rubio;Ricky;3;PG;"6'4""";194;1990-10-20;27;;;N;98;UTA;Utah;Jazz;;;;;;;;;;;;;;
;9345;Rudez;Damjan;3;SF;"6'10""";228;1986-06-17;31;Zagreb;Croatia;N;95;ORL;Orlando;Magic;;;;;;;;;;;;;;
;9219;Rush;Brandon;25;SG;"6'6""";210;1985-07-06;32;Kansas City, MO;USA;N;90;MIL;Milwaukee;Bucks;;;;;;;;;;;;;;
;9285;Russell;D'Angelo;1;PG;"6'5""";195;1996-02-22;21;;;N;84;BRO;Brooklyn;Nets;;;;;;;;;;;;;;
;10113;Sabonis;Domantas;11;PF;"6'11""";240;1996-05-02;21;Portland, OR;USA;N;87;IND;Indiana;Pacers;;;;;;;;;;;;;;
;9200;Sampson;JaKarr;29;SF;"6'9""";214;1993-03-19;24;Cleveland, OH;USA;N;103;SAC;Sacramento;Kings;;;;;;;;;;;;;;
;11886;Sanders;Larry;;C;"6'11""";235;1988-11-20;29;Fort Pierce, FL;USA;N;86;CLE;Cleveland;Cavaliers;;;;;;;;;;;;;;
;10115;Saric;Dario;9;F;"6'10""";223;1994-04-08;23;Sibenik;Croatia;N;85;PHI;Philadelphia;76ers;;;;;;;;;;;;;;
;10151;Satoransky;Tomas;31;G;"6'7""";210;1991-10-30;26;;;N;94;WAS;Washington;Wizards;;;;;;;;;;;;;;
;9084;Schroder;Dennis;17;PG;"6'1""";172;1993-09-15;24;;;N;91;ATL;Atlanta;Hawks;;;;;;;;;;;;;;
;9499;Scola;Luis;4;PF;"6'9""";240;1980-04-28;37;Buenos;Aires;Argentina;N;84;BRO;Brooklyn;Nets;;;;;;;;;;;;;
;9083;Scott;Mike;30;PF;"6'8""";237;1988-07-15;29;;;N;94;WAS;Washington;Wizards;;;;;;;;;;;;;;
;9088;Sefolosha;Thabo;22;SF;"6'7""";220;1984-05-01;33;;;N;98;UTA;Utah;Jazz;;;;;;;;;;;;;;
;11988;Selden;Wayne;;SG;"6'6""";232;1994-09-30;23;Boston, MA;USA;N;107;MEM;Memphis;Grizzlies;;;;;;;;;;;;;;
;13844;Senglin;Jeremy;30;G;"6'2""";195;1995-03-24;22;Kansas City, MI;USA;Y;84;BRO;Brooklyn;Nets;;;;;;;;;;;;;;
;9381;Seraphin;Kevin;1;C;"6'10""";278;1989-12-06;27;Cayenne;France;N;87;IND;Indiana;Pacers;;;;;;;;;;;;;;
;9518;Sessions;Ramon;1;PG;"6'3""";190;1986-04-10;31;Myrtle Beach, CA;USA;N;83;NYK;New;York;Knicks;;;;;;;;;;;;;
;9162;Shumpert;Iman;4;SG;"6'5""";220;1990-06-26;27;;;N;86;CLE;Cleveland;Cavaliers;;;;;;;;;;;;;;
;10123;Siakam;Pascal;43;F;"6'9""";230;1994-04-02;23;Douala;Cameroon;N;81;TOR;Toronto;Raptors;;;;;;;;;;;;;;
;9483;Simmons;Jonathon;17;SG;"6'6""";195;1989-09-13;28;;;N;95;ORL;Orlando;Magic;;;;;;;;;;;;;;
;10087;Simmons;Ben;;G;"6'10""";240;1996-07-19;21;Melbourne;Australia;Y;85;PHI;Philadelphia;76ers;;;;;;;;;;;;;;
;13815;Simmons;Kobi;2;PG;"6'4""";170;1997-07-04;20;Atlanta, GA;USA;Y;107;MEM;Memphis;Grizzlies;;;;;;;;;;;;;;
;9126;Sims;Henry;14;C;"6'10""";248;1990-03-25;27;Baltimore, MD;USA;N;84;BRO;Brooklyn;Nets;;;;;;;;;;;;;;
;9395;Singler;Kyle;5;SF;"6'8""";228;1988-05-04;29;;;N;96;OKL;Oklahoma;City;Thunder;;;;;;;;;;;;;
;9124;Sloan;Donald;15;PG;"6'3""";205;1988-01-13;29;Shreveport, LA;USA;N;94;WAS;Washington;Wizards;;;;;;;;;;;;;;
;9102;Smart;Marcus;36;PG;"6'4""";220;1994-03-06;23;;;N;82;BOS;Boston;Celtics;;;;;;;;;;;;;;
;9411;Smith;Jason;14;C;"7'0""";240;1986-03-02;31;Greeley, CO;USA;N;94;WAS;Washington;Wizards;;;;;;;;;;;;;;
;9425;Smith;Ish;11;PG;"6'0""";175;1988-07-05;29;Charlotte, NC;USA;N;88;DET;Detroit;Pistons;;;;;;;;;;;;;;
;9167;Smith;J.R.;5;SG;"6'6""";225;1985-09-09;32;Freehold Borough, NJ;USA;N;86;CLE;Cleveland;Cavaliers;;;;;;;;;;;;;;
;9241;Smith;Josh;5;PF;"6'9""";225;1985-12-05;31;;;N;110;NOP;New;Orleans;Pelicans;;;;;;;;;;;;;
;13736;Smith;Jr.;Dennis;1;G;"6'3""";195;1997-11-25;19;Fayetteville, NC;USA;Y;108;DAL;Dallas;Mavericks;;;;;;;;;;;;;
;9145;Snell;Tony;21;SF;"6'7""";200;1991-11-10;26;;;N;90;MIL;Milwaukee;Bucks;;;;;;;;;;;;;;
;13879;Snyder;Quin;;C;;;;;;;N;98;UTA;Utah;Jazz;;;;;;;;;;;;;;
;9225;Speights;Marreese;5;C;"6'10""";255;1987-08-03;30;St. Petersburg, FL;USA;N;95;ORL;Orlando;Magic;;;;;;;;;;;;;;
;9090;Splitter;Tiago;11;C;"6'11""";245;;;Blumenau;Brazil;N;85;PHI;Philadelphia;76ers;;;;;;;;;;;;;;
;9417;Stauskas;Nik;11;SG;"6'6""";205;1993-10-07;24;;;N;85;PHI;Philadelphia;76ers;;;;;;;;;;;;;;
;9293;Stephenson;Lance;5;G;"6'5""";230;1990-09-05;27;;;N;87;IND;Indiana;Pacers;;;;;;;;;;;;;;
;9551;Stokes;Jarnell;12;PF;"6'9""";225;1994-01-06;23;Memphis, TN;USA;N;99;DEN;Denver;Nuggets;;;;;;;;;;;;;;
;10159;Stone;Diamond;0;C;"6'11""";255;1997-02-09;20;;;N;89;CHI;Chicago;Bulls;;;;;;;;;;;;;;
;11956;Stone;Julyan;32;SG;"6'6""";200;1988-12-06;28;Alexandria, VA;USA;N;93;CHA;Charlotte;Hornets;;;;;;;;;;;;;;
;9255;Stuckey;Rodney;2;PG;"6'5""";205;1986-04-20;31;Seattle, WA;USA;N;87;IND;Indiana;Pacers;;;;;;;;;;;;;;
;9098;Sullinger;Jared;0;PF;"6'9""";280;1992-03-02;25;Columbus, OH;USA;N;104;PHX;Phoenix;Suns;;;;;;;;;;;;;;
;13798;Sumner;Edmond;5;PG;"6'5""";188;1995-12-31;21;Detroit, MI;USA;Y;87;IND;Indiana;Pacers;;;;;;;;;;;;;;
;13752;Swanigan;Caleb;50;F;"6'8""";250;1997-04-08;20;;;Y;97;POR;Portland;Trail;Blazers;;;;;;;;;;;;;
;13730;Tatum;Jayson;0;F;"6'8""";205;1998-03-03;19;St. Louis, MO;USA;Y;82;BOS;Boston;Celtics;;;;;;;;;;;;;;
;11743;Tavares;Edy;32;C;"7'2""";260;1992-03-21;25;Gran;Canarla;Spain;N;86;CLE;Cleveland;Cavaliers;;;;;;;;;;;;;
;9095;Tavares;Walter;22;C;"7'3""";260;1992-03-21;25;Maio;Senegal;N;86;CLE;Cleveland;Cavaliers;;;;;;;;;;;;;;
;11979;Taylor;Isaiah;;PG;"6'3""";168;1994-07-11;23;Hayward, CA;USA;N;91;ATL;Atlanta;Hawks;;;;;;;;;;;;;;
;9091;Teague;Jeff;0;PG;"6'2""";186;1988-06-09;29;Indianapolis, IN;USA;N;100;MIN;Minnesota;Timberwolves;;;;;;;;;;;;;;
;9438;Teletovic;Mirza;35;PF;"6'9""";242;1985-09-18;32;Mostar;Bosnia;N;90;MIL;Milwaukee;Bucks;;;;;;;;;;;;;;
;9525;Temple;Garrett;17;SF;"6'6""";195;1986-05-08;31;Baton Rouge, LA;USA;N;103;SAC;Sacramento;Kings;;;;;;;;;;;;;;
;13761;Teodosic;Milos;4;PG;"6'5""";196;;;Valjevo;Serbia;Y;102;LAC;Los;Angeles;Clippers;;;;;;;;;;;;;
;9243;Terry;Jason;3;SG;"6'2""";185;1977-09-15;40;Seattle, WA;USA;N;90;MIL;Milwaukee;Bucks;;;;;;;;;;;;;;
;13777;Theis;Daniel;27;PF;"6'9""";243;1992-04-04;25;;Germany;Y;82;BOS;Boston;Celtics;;;;;;;;;;;;;;
;9382;Thomas;Lance;42;PF;"6'8""";235;1988-04-24;29;Brooklyn, NY;USA;N;83;NYK;New;York;Knicks;;;;;;;;;;;;;
;9101;Thomas;Isaiah;3;PG;"5'9""";185;1989-02-06;28;Tacoma, WA;USA;N;86;CLE;Cleveland;Cavaliers;;;;;;;;;;;;;;
;9416;Thompson;Hollis;31;SG;"6'8""";206;1991-04-02;26;Pasadena, CA;USA;N;110;NOP;New;Orleans;Pelicans;;;;;;;;;;;;;
;9169;Thompson;Tristan;13;PF;"6'9""";238;1991-03-13;26;Toronto, ON;Canada;N;86;CLE;Cleveland;Cavaliers;;;;;;;;;;;;;;
;9221;Thompson;Klay;11;SG;"6'7""";205;1990-02-08;27;Los Angeles, CA;USA;N;101;GSW;Golden;State;Warriors;;;;;;;;;;;;;
;11720;Thompson;X;;C;;;;;;;N;94;WAS;Washington;Wizards;;;;;;;;;;;;;;
;9532;Thornton;Marcus;15;SG;"6'4""";205;1987-06-02;30;Baton Rouge, LA;USA;N;94;WAS;Washington;Wizards;;;;;;;;;;;;;;
;13857;Thornwell;Sindarius;;G;"6'5""";215;1994-11-15;23;;;Y;102;LAC;Los;Angeles;Clippers;;;;;;;;;;;;;
;11739;Tobey;Mike;10;C;"7'0""";260;1994-10-09;23;Monroe, NY;USA;N;93;CHA;Charlotte;Hornets;;;;;;;;;;;;;;
;9208;Tolliver;Anthony;43;PF;"6'8""";240;1985-05-31;32;Springfield, MO;USA;N;88;DET;Detroit;Pistons;;;;;;;;;;;;;;
;9201;Toupane;Axel;6;SF;"6'7""";197;1992-07-22;25;Mulhouse;France;N;110;NOP;New;Orleans;Pelicans;;;;;;;;;;;;;
;9346;Towns;Karl-Anthony;32;C;"7'0""";244;1995-11-15;22;;;N;100;MIN;Minnesota;Timberwolves;;;;;;;;;;;;;;
;13918;Triano;Jay;;C;;;;;;;N;104;PHX;Phoenix;Suns;;;;;;;;;;;;;;
;13851;Trimble;Melo;7;G;"6'3""";185;1995-02-02;22;Washington, DC;USA;Y;100;MIN;Minnesota;Timberwolves;;;;;;;;;;;;;;
;9430;Tucker;P.J.;4;SF;"6'6""";245;1985-05-04;32;;;N;109;HOU;Houston;Rockets;;;;;;;;;;;;;;
;9104;Turner;Evan;1;SG;"6'7""";216;1988-10-27;29;Chicago, IL;USA;N;97;POR;Portland;Trail;Blazers;;;;;;;;;;;;;
;9252;Turner;Myles;33;C;"6'11""";243;1996-03-24;21;;;N;87;IND;Indiana;Pacers;;;;;;;;;;;;;;
;11927;Udoh;Ekpe;;C;"6'10""";245;1987-05-20;30;Edmond, OK;USA;N;98;UTA;Utah;Jazz;;;;;;;;;;;;;;
;9541;Udrih;Beno;19;G;"6'3""";205;1982-07-05;35;Ank;Yugoslavia;N;88;DET;Detroit;Pistons;;;;;;;;;;;;;;
;10145;Ulis;Tyler;8;G;"5'10""";150;1996-01-05;21;;;N;104;PHX;Phoenix;Suns;;;;;;;;;;;;;;
;11993;Uthoff;Jarrod;19;SF;"6'10""";214;1993-05-18;24;Cedar Rapids, IA;USA;N;87;IND;Indiana;Pacers;;;;;;;;;;;;;;
;9491;Valanciunas;Jonas;17;C;"7'0""";255;1992-05-06;25;Utena;Lithuania;N;81;TOR;Toronto;Raptors;;;;;;;;;;;;;;
;10157;Valentine;Denzel;45;G;"6'6""";212;1993-11-16;24;;;N;89;CHI;Chicago;Bulls;;;;;;;;;;;;;;
;10124;VanVleet;Fred;23;G;"6'0""";195;1994-02-25;23;;;N;81;TOR;Toronto;Raptors;;;;;;;;;;;;;;
;9231;Varejao;Anderson;18;C;"6'10""";273;1982-09-27;35;Colatina;Brazil;N;101;GSW;Golden;State;Warriors;;;;;;;;;;;;;
;9326;Vasquez;Greivis;21;PG;"6'6""";217;1987-01-14;30;Caracas;Venezuela;N;84;BRO;Brooklyn;Nets;;;;;;;;;;;;;;
;9333;Vaughn;Rashad;20;SG;"6'6""";202;1996-08-16;21;;;N;90;MIL;Milwaukee;Bucks;;;;;;;;;;;;;;
;9181;Villanueva;Charlie;3;PF;"6'11""";232;1984-08-23;33;Queens, NY;USA;N;108;DAL;Dallas;Mavericks;;;;;;;;;;;;;;
;9451;Vonleh;Noah;21;PF;"6'10""";240;1995-08-24;22;;;N;97;POR;Portland;Trail;Blazers;;;;;;;;;;;;;
;9412;Vucevic;Nikola;9;C;"7'0""";260;1990-10-24;27;Morges;Switzerland;N;95;ORL;Orlando;Magic;;;;;;;;;;;;;;
;9380;Vujacic;Sasha;9;SG;"6'7""";193;1984-03-07;33;Maribor;Yugoslavia;N;95;ORL;Orlando;Magic;;;;;;;;;;;;;;
;9315;Wade;Dwyane;9;SG;"6'4""";220;1982-01-16;35;Chicago, IL;USA;N;86;CLE;Cleveland;Cavaliers;;;;;;;;;;;;;;
;9384;Waiters;Dion;11;SG;"6'4""";225;1991-12-10;25;Philadelphia, PA;USA;N;92;MIA;Miami;Heat;;;;;;;;;;;;;;
;9129;Walker;Kemba;15;PG;"6'1""";172;1990-05-08;27;;;N;93;CHA;Charlotte;Hornets;;;;;;;;;;;;;;
;9522;Wall;John;2;PG;"6'4""";195;1990-09-06;27;;;N;94;WAS;Washington;Wizards;;;;;;;;;;;;;;
;13913;Walton;Luke;;C;;;;;;;N;105;LAL;Los;Angeles;Lakers;;;;;;;;;;;;;
;13802;Walton;Jr.;Derrick;14;PG;"6'1""";185;1995-04-03;22;Detroit, MI;USA;Y;92;MIA;Miami;Heat;;;;;;;;;;;;;
;9433;Warren;TJ;12;SF;"6'8""";230;1993-09-05;24;;;N;104;PHX;Phoenix;Suns;;;;;;;;;;;;;;
;9410;Watson;CJ;32;PG;"6'2""";175;1984-04-16;33;Las Vegas, NV;USA;N;95;ORL;Orlando;Magic;;;;;;;;;;;;;;
;13853;Wayns;Maalik;18;PG;"6'2""";200;1991-05-02;26;Philadelphia, PA;USA;Y;108;DAL;Dallas;Mavericks;;;;;;;;;;;;;;
;9320;Weber;Briante;22;PG;"6'2""";165;1992-12-27;24;Chesapeake, VA;USA;N;109;HOU;Houston;Rockets;;;;;;;;;;;;;;
;13838;Webster;Martell;;SF;"6'7""";230;1986-12-04;30;Edmonds, WA;USA;Y;110;NOP;New;Orleans;Pelicans;;;;;;;;;;;;;
;9479;West;David;3;PF;"6'9""";240;1980-08-29;37;Teaneck, NJ;USA;N;101;GSW;Golden;State;Warriors;;;;;;;;;;;;;
;9387;Westbrook;Russell;0;PG;"6'3""";200;1988-11-12;29;Long Beach, CA;USA;N;96;OKL;Oklahoma;City;Thunder;;;;;;;;;;;;;
;13755;White;Derrick;4;G;"6'4""";190;1994-07-02;23;;;Y;106;SAS;San;Antonio;Spurs;;;;;;;;;;;;;
;11706;White;Okaro;15;F;"6'8""";204;;;Brooklyn, NY;USA;N;92;MIA;Miami;Heat;;;;;;;;;;;;;;
;9660;Whitehead;Isaiah;15;G;"5'4""";210;1995-03-08;22;;;N;84;BRO;Brooklyn;Nets;;;;;;;;;;;;;;
;13773;White;III;Andrew;3;C;"6'7""";220;1993-06-16;24;Colonial Heights, VA;USA;Y;82;BOS;Boston;Celtics;;;;;;;;;;;;;
;9312;Whiteside;Hassan;21;C;"7'0""";265;1989-06-13;28;;;N;92;MIA;Miami;Heat;;;;;;;;;;;;;;
;9259;Whittington;Shayne;42;PF;"6'11""";250;1991-03-26;26;Paw Paw, MI;USA;N;87;IND;Indiana;Pacers;;;;;;;;;;;;;;
;9342;Wiggins;Andrew;22;SF;"6'8""";199;1995-02-23;22;;;N;100;MIN;Minnesota;Timberwolves;;;;;;;;;;;;;;
;9266;Wilcox;CJ;23;SG;"6'5""";195;1990-12-29;26;Pleasant Grove, UT;USA;N;97;POR;Portland;Trail;Blazers;;;;;;;;;;;;;
;13800;Wiley;Jacob;21;SF;"6'8""";223;1994-09-04;23;Long Beach, CA;USA;Y;84;BRO;Brooklyn;Nets;;;;;;;;;;;;;;
;13797;Wilkins;Damien;12;SG;"6'6""";217;1980-01-11;37;Washington, NC;USA;Y;87;IND;Indiana;Pacers;;;;;;;;;;;;;;
;11546;Williams;Reggie;5;F;"6'6""";205;1986-09-12;31;Prince George, VA;USA;N;110;NOP;New;Orleans;Pelicans;;;;;;;;;;;;;
;11652;Williams;M;;C;;;;;;;N;109;HOU;Houston;Rockets;;;;;;;;;;;;;;
;9377;Williams;Derrick;22;SF;"6'8""";240;1991-05-24;26;Bellflower, CA;USA;N;86;CLE;Cleveland;Cavaliers;;;;;;;;;;;;;;
;13772;Williams;Devin;30;F;"6'9""";255;1994-05-31;23;;USA;Y;82;BOS;Boston;Celtics;;;;;;;;;;;;;;
;9134;Williams;Marvin;2;PF;"6'9""";237;1986-06-19;31;;;N;93;CHA;Charlotte;Hornets;;;;;;;;;;;;;;
;13832;Williams;Marcus;;PG;"6'3""";209;1985-12-03;31;Los Angeles, CA;USA;Y;103;SAC;Sacramento;Kings;;;;;;;;;;;;;;
;9441;Williams;Alan;15;PF;"6'8""";260;1993-01-28;24;;;N;104;PHX;Phoenix;Suns;;;;;;;;;;;;;;
;9557;Williams;Elliott;;SG;"6'5""";183;1989-06-19;28;Memphis, TN;USA;N;107;MEM;Memphis;Grizzlies;;;;;;;;;;;;;;
;11414;Williams;Troy;10;F;"6'7""";210;1994-12-30;22;;;N;109;HOU;Houston;Rockets;;;;;;;;;;;;;;
;9184;Williams;Deron;8;PG;"6'3""";200;1984-06-25;33;Parkersburg, WV;USA;N;86;CLE;Cleveland;Cavaliers;;;;;;;;;;;;;;
;11973;Williams;C.J.;9;SG;"6'5""";230;1990-02-05;27;Fayetteville, NC;USA;N;102;LAC;Los;Angeles;Clippers;;;;;;;;;;;;;
;9287;Williams;Lou;23;SG;"6'1""";175;1986-10-25;31;Memphis, TN;USA;N;102;LAC;Los;Angeles;Clippers;;;;;;;;;;;;;
;13801;Williams;Matt;12;SG;"6'5""";210;1993-10-14;24;Orlando, FL;USA;Y;92;MIA;Miami;Heat;;;;;;;;;;;;;;
;13849;Williams;T.J.;11;G;"6'4""";211;1994-10-26;23;Pflugerville, TX;USA;Y;93;CHA;Charlotte;Hornets;;;;;;;;;;;;;;
;13848;Willis;Derek;33;F;"6'9""";220;1995-06-21;22;Mt. Washington, KY;USA;Y;88;DET;Detroit;Pistons;;;;;;;;;;;;;;
;13745;Wilson;D.;J.;5;PF;"6'10""";5;1996-02-19;21;;;Y;90;MIL;Milwaukee;Bucks;;;;;;;;;;;;;
;13859;Wilson;Jamil;13;F;"6'7""";229;1990-11-21;27;;;Y;102;LAC;Los;Angeles;Clippers;;;;;;;;;;;;;
;10148;Wiltjer;Kyle;33;F;"6'10""";240;1992-10-19;25;Portland, OR;USA;N;81;TOR;Toronto;Raptors;;;;;;;;;;;;;;
;9313;Winslow;Justise;20;SF;"6'7""";225;1996-03-26;21;;;N;92;MIA;Miami;Heat;;;;;;;;;;;;;;
;9516;Withey;Jeff;17;C;"7'0""";231;1990-03-06;27;San Diego, CA;USA;N;108;DAL;Dallas;Mavericks;;;;;;;;;;;;;;
;11897;Wolters;Nate;;C;"6'4""";190;1991-05-15;26;St. Cloud, MN;USA;N;98;UTA;Utah;Jazz;;;;;;;;;;;;;;
;9427;Wood;Christian;35;PF;"6'11""";220;1995-09-26;22;Long Beach, CA;USA;N;93;CHA;Charlotte;Hornets;;;;;;;;;;;;;;
;9291;World;Peace;Metta;37;SF;"6'7""";260;1979-11-12;38;St. John's, NY;USA;N;105;LAL;Los;Angeles;Lakers;;;;;;;;;;;;
;9495;Wright;Delon;55;PG;"6'5""";190;1992-04-26;25;;;N;81;TOR;Toronto;Raptors;;;;;;;;;;;;;;
;9304;Wright;Brandan;34;PF;"6'10""";210;1987-10-05;30;;;N;107;MEM;Memphis;Grizzlies;;;;;;;;;;;;;;
;9383;Wroten;Tony;5;G;"6'6""";205;1993-04-12;24;Renton, WA;USA;N;107;MEM;Memphis;Grizzlies;;;;;;;;;;;;;;
;13778;Yabusele;Guerschon;30;PF;"6'8""";260;1995-12-17;21;;France;Y;82;BOS;Boston;Celtics;;;;;;;;;;;;;;
;13808;Young;Michael;4;F;"6'9""";235;1994-09-05;23;Duquesne, PA;USA;Y;94;WAS;Washington;Wizards;;;;;;;;;;;;;;
;9119;Young;Thaddeus;30;PF;"6'8""";220;1988-06-21;29;New Orleans, LA;USA;N;87;IND;Indiana;Pacers;;;;;;;;;;;;;;
;9260;Young;Joe;1;PG;"6'2""";180;1992-06-27;25;;;N;87;IND;Indiana;Pacers;;;;;;;;;;;;;;
;9103;Young;James;6;SG;"6'6""";215;1995-08-15;22;Flint, MI;USA;N;90;MIL;Milwaukee;Bucks;;;;;;;;;;;;;;
;9280;Young;Nick;6;SG;"6'7""";210;1985-05-31;32;Los Angeles, CA;USA;N;101;GSW;Golden;State;Warriors;;;;;;;;;;;;;
;13823;Zagorac;Rade;25;SG;"6'9""";200;1995-08-12;22;Belgrade;Serbia;Y;107;MEM;Memphis;Grizzlies;;;;;;;;;;;;;;
;9099;Zeller;Tyler;44;C;"7'0""";253;1990-01-16;27;Visalia, CA;USA;N;84;BRO;Brooklyn;Nets;;;;;;;;;;;;;;
;9130;Zeller;Cody;40;C;"7'0""";240;1992-10-05;25;;;N;93;CHA;Charlotte;Hornets;;;;;;;;;;;;;;
;13767;Zhou;Qi;9;PF;"7'1""";210;1996-01-16;21;;China;Y;109;HOU;Houston;Rockets;;;;;;;;;;;;;;
;10163;Zimmerman;Stephen;33;C;"7'0""";240;1996-09-08;21;Hendersonville, TN;USA;N;95;ORL;Orlando;Magic;;;;;;;;;;;;;;
;10158;Zipser;Paul;16;F;"6'8""";210;1994-02-18;23;;;N;89;CHI;Chicago;Bulls;;;;;;;;;;;;;;
;13779;Zizic;Ante;41;PF;"6'11""";250;1997-04-04;20;;Croatia;Y;86;CLE;Cleveland;Cavaliers;;;;;;;;;;;;;;
;10169;Zubac;Ivica;40;C;"7'1""";265;1997-03-17;20;;;N;105;LAL;Los;Angeles;Lakers;;;;;;;;;;;;;
